Date,Open,High,Low,Close,Volume
2020-01-02,74.06,75.15,73.8,75.09,"135,65M"
2020-01-03,74.29,75.14,74.12,74.36,"146,54M"
2020-01-06,73.45,74.99,73.19,74.95,"118,58M"
2020-01-07,74.96,75.22,74.37,74.6,"111,51M"
2020-01-08,74.29,76.11,74.29,75.8,"132,36M"
2020-01-09,76.81,77.61,76.55,77.41,"170,49M"
2020-01-10,77.65,78.17,77.06,77.58,"140,87M"
2020-01-13,77.91,79.27,77.79,79.24,"122,09M"
2020-01-14,79.17,79.39,78.04,78.17,"162,61M"
2020-01-15,77.96,78.88,77.39,77.83,"121,92M"
2020-01-16,78.4,78.92,78.02,78.81,"108,83M"
2020-01-17,79.07,79.69,78.75,79.68,"137,82M"
2020-01-21,79.3,79.75,79,79.14,"110,84M"
2020-01-22,79.64,80,79.33,79.42,"101,83M"
2020-01-23,79.48,79.89,78.91,79.81,"104,47M"
2020-01-24,80.06,80.83,79.38,79.58,"146,54M"
2020-01-27,77.52,77.94,76.22,77.24,"161,94M"
2020-01-28,78.15,79.6,78.05,79.42,"162,23M"
2020-01-29,81.11,81.96,80.34,81.08,"216,60M"
2020-01-30,80.14,81.02,79.69,80.97,"126,74M"
2020-01-31,80.23,80.67,77.07,77.38,"199,59M"
2020-02-03,76.08,78.37,75.56,77.17,"173,99M"
2020-02-04,78.83,79.91,78.41,79.71,"136,62M"
2020-02-05,80.88,81.19,79.74,80.36,"118,83M"
2020-02-06,80.64,81.31,80.07,81.3,"105,43M"
2020-02-07,80.59,80.85,79.5,80.01,"117,68M"
2020-02-10,78.55,80.39,78.46,80.39,"109,35M"
2020-02-11,80.9,80.97,79.68,79.9,"94,32M"
2020-02-12,80.37,81.81,80.37,81.8,"113,73M"
2020-02-13,81.05,81.56,80.84,81.22,"94,75M"
2020-02-14,81.19,81.5,80.71,81.24,"80,11M"
2020-02-18,78.84,79.94,78.65,79.75,"152,76M"
2020-02-19,80,81.14,80,80.91,"93,98M"
2020-02-20,80.66,81.16,79.55,80.08,"100,57M"
2020-02-21,79.66,80.11,77.62,78.26,"129,71M"
2020-02-24,74.31,76.05,72.31,74.55,"222,20M"
2020-02-25,75.24,75.63,71.53,72.02,"230,67M"
2020-02-26,71.63,74.47,71.62,73.16,"198,71M"
2020-02-27,70.28,71.5,68.24,68.38,"320,61M"
2020-02-28,64.31,69.6,64.09,68.34,"426,88M"
2020-03-02,70.57,75.36,69.43,74.7,"341,40M"
2020-03-03,75.92,76,71.45,72.33,"319,48M"
2020-03-04,74.11,75.85,73.28,75.69,"219,18M"
2020-03-05,73.88,74.89,72.85,73.23,"187,57M"
2020-03-06,70.5,72.7,70.31,72.26,"226,18M"
2020-03-09,65.94,69.52,65.75,66.54,"286,74M"
2020-03-10,69.28,71.61,67.34,71.33,"285,29M"
2020-03-11,69.35,70.31,67.97,68.86,"256,38M"
2020-03-12,63.98,67.5,62,62.06,"418,47M"
2020-03-13,66.22,69.98,63.24,69.49,"370,73M"
2020-03-16,60.49,64.77,60,60.55,"322,42M"
2020-03-17,61.88,64.4,59.6,63.22,"324,06M"
2020-03-18,59.94,62.5,59.28,61.67,"300,23M"
2020-03-19,61.85,63.21,60.65,61.2,"271,86M"
2020-03-20,61.8,62.96,57,57.31,"401,69M"
2020-03-23,57.02,57.12,53.15,56.09,"336,75M"
2020-03-24,59.09,61.92,58.58,61.72,"287,53M"
2020-03-25,62.69,64.56,61.08,61.38,"303,60M"
2020-03-26,61.63,64.67,61.59,64.61,"252,56M"
2020-03-27,63.19,63.97,61.76,61.94,"204,22M"
2020-03-30,62.69,63.88,62.35,63.7,"167,98M"
2020-03-31,63.9,65.62,63,63.57,"197,00M"
2020-04-01,61.62,62.18,59.78,60.23,"176,22M"
2020-04-02,60.09,61.29,59.23,61.23,"165,93M"
2020-04-03,60.7,61.42,59.74,60.35,"129,88M"
2020-04-06,62.73,65.78,62.34,65.62,"201,82M"
2020-04-07,67.7,67.92,64.75,64.86,"202,89M"
2020-04-08,65.69,66.84,65.31,66.52,"168,90M"
2020-04-09,67.17,67.52,66.17,67,"162,12M"
2020-04-13,67.08,68.42,66.46,68.31,"131,02M"
2020-04-14,70,72.06,69.51,71.76,"194,99M"
2020-04-15,70.6,71.58,70.16,71.11,"131,15M"
2020-04-16,71.84,72.05,70.59,71.67,"157,13M"
2020-04-17,71.17,71.74,69.22,70.7,"215,25M"
2020-04-20,69.49,70.42,69.21,69.23,"130,02M"
2020-04-21,69.07,69.31,66.36,67.09,"180,99M"
2020-04-22,68.4,69.47,68.05,69.03,"117,06M"
2020-04-23,68.97,70.44,68.72,68.76,"124,81M"
2020-04-24,69.3,70.75,69.25,70.74,"126,51M"
2020-04-27,70.45,71.14,69.99,70.79,"117,09M"
2020-04-28,71.27,71.46,69.55,69.64,"112,00M"
2020-04-29,71.18,72.42,70.97,71.93,"137,28M"
2020-04-30,72.49,73.63,72.09,73.45,"183,06M"
2020-05-01,71.56,74.75,71.46,72.27,"240,62M"
2020-05-04,72.29,73.42,71.58,73.29,"133,57M"
2020-05-05,73.77,75.25,73.61,74.39,"147,75M"
2020-05-06,75.11,75.81,74.72,75.16,"142,33M"
2020-05-07,75.81,76.29,75.49,75.94,"115,22M"
2020-05-08,76.41,77.59,76.07,77.53,"134,05M"
2020-05-11,77.03,79.26,76.81,78.75,"145,95M"
2020-05-12,79.46,79.92,77.73,77.85,"162,30M"
2020-05-13,78.04,78.99,75.8,76.91,"200,62M"
2020-05-14,76.13,77.45,75.38,77.39,"158,93M"
2020-05-15,75.09,76.97,75.05,76.93,"166,35M"
2020-05-18,78.29,79.12,77.58,78.74,"135,37M"
2020-05-19,78.76,79.63,78.25,78.28,"101,73M"
2020-05-20,79.17,79.88,79.05,79.81,"111,50M"
2020-05-21,79.67,80.22,78.97,79.21,"102,69M"
2020-05-22,78.94,79.81,78.84,79.72,"81,80M"
2020-05-26,80.88,81.06,79.12,79.18,"125,52M"
2020-05-27,79.03,79.68,78.27,79.53,"112,95M"
2020-05-28,79.19,80.86,78.91,79.56,"133,80M"
2020-05-29,79.81,80.29,79.12,79.48,"153,60M"
2020-06-01,79.44,80.59,79.3,80.46,"81,02M"
2020-06-02,80.19,80.86,79.73,80.83,"87,64M"
2020-06-03,81.17,81.55,80.58,81.28,"104,49M"
2020-06-04,81.1,81.41,80.19,80.58,"87,56M"
2020-06-05,80.84,82.94,80.81,82.88,"137,25M"
2020-06-08,82.56,83.4,81.83,83.36,"95,65M"
2020-06-09,83.03,86.4,83,86,"147,71M"
2020-06-10,86.97,88.69,86.52,88.21,"166,65M"
2020-06-11,87.33,87.77,83.87,83.97,"201,66M"
2020-06-12,86.18,86.95,83.56,84.7,"200,15M"
2020-06-15,83.31,86.42,83.14,85.75,"138,81M"
2020-06-16,87.86,88.3,86.18,88.02,"165,43M"
2020-06-17,88.79,88.85,87.77,87.9,"114,41M"
2020-06-18,87.85,88.36,87.31,87.93,"96,82M"
2020-06-19,88.66,89.14,86.29,87.43,"264,48M"
2020-06-22,87.83,89.86,87.79,89.72,"135,45M"
2020-06-23,91,93.09,90.57,91.63,"212,16M"
2020-06-24,91.25,92.2,89.63,90.02,"192,62M"
2020-06-25,90.17,91.25,89.39,91.21,"137,52M"
2020-06-26,91.1,91.33,88.25,88.41,"205,26M"
2020-06-29,88.31,90.54,87.82,90.44,"130,65M"
2020-06-30,90.02,91.5,90,91.2,"140,22M"
2020-07-01,91.28,91.84,90.98,91.03,"110,74M"
2020-07-02,91.96,92.62,90.91,91.03,"114,04M"
2020-07-06,92.5,93.94,92.47,93.46,"118,66M"
2020-07-07,93.85,94.66,93.06,93.17,"112,42M"
2020-07-08,94.18,95.38,94.09,95.34,"117,09M"
2020-07-09,96.26,96.32,94.67,95.68,"125,64M"
2020-07-10,95.33,95.98,94.71,95.92,"90,26M"
2020-07-13,97.27,99.95,95.26,95.48,"191,65M"
2020-07-14,94.84,97.25,93.88,97.06,"170,99M"
2020-07-15,98.99,99.25,96.49,97.72,"153,20M"
2020-07-16,96.56,97.41,95.91,96.52,"110,58M"
2020-07-17,96.99,97.15,95.84,96.33,"92,19M"
2020-07-20,96.42,98.5,96.06,98.36,"90,32M"
2020-07-21,99.17,99.25,96.74,97,"103,65M"
2020-07-22,96.69,97.97,96.6,97.27,"89,00M"
2020-07-23,97,97.08,92.01,92.84,"197,00M"
2020-07-24,90.99,92.97,89.14,92.61,"185,44M"
2020-07-27,93.71,94.91,93.48,94.81,"121,21M"
2020-07-28,94.37,94.55,93.25,93.25,"103,63M"
2020-07-29,93.75,95.23,93.71,95.04,"90,33M"
2020-07-30,94.19,96.3,93.77,96.19,"158,13M"
2020-07-31,102.88,106.42,100.83,106.26,"374,30M"
2020-08-03,108.2,111.64,107.89,108.94,"308,15M"
2020-08-04,109.13,110.79,108.39,109.67,"172,79M"
2020-08-05,109.38,110.39,108.9,110.06,"121,99M"
2020-08-06,110.41,114.41,109.8,113.9,"202,43M"
2020-08-07,113.2,113.67,110.29,111.11,"198,05M"
2020-08-10,112.6,113.78,110,112.73,"212,40M"
2020-08-11,111.97,112.48,109.11,109.38,"187,90M"
2020-08-12,110.5,113.28,110.3,113.01,"165,94M"
2020-08-13,114.43,116.04,113.93,115.01,"210,08M"
2020-08-14,114.83,115,113.05,114.91,"165,57M"
2020-08-17,116.06,116.09,113.96,114.61,"119,56M"
2020-08-18,114.35,116,114.01,115.56,"105,63M"
2020-08-19,115.98,117.16,115.61,115.71,"145,54M"
2020-08-20,115.75,118.39,115.73,118.28,"126,91M"
2020-08-21,119.26,124.87,119.25,124.37,"338,05M"
2020-08-24,128.7,128.78,123.94,125.86,"345,94M"
2020-08-25,124.7,125.18,123.05,124.83,"211,50M"
2020-08-26,126.18,126.99,125.08,126.52,"163,02M"
2020-08-27,127.14,127.48,123.83,125.01,"155,55M"
2020-08-28,126.01,126.44,124.58,124.81,"187,63M"
2020-08-31,127.58,131,126,129.04,"225,70M"
2020-09-01,132.76,134.8,130.53,134.18,"152,47M"
2020-09-02,137.59,137.98,127,131.4,"200,12M"
2020-09-03,126.91,128.84,120.5,120.88,"257,60M"
2020-09-04,120.07,123.7,110.89,120.96,"332,61M"
2020-09-08,113.95,118.99,112.68,112.82,"231,37M"
2020-09-09,117.26,119.14,115.26,117.32,"176,94M"
2020-09-10,120.36,120.5,112.5,113.49,"182,27M"
2020-09-11,114.57,115.23,110,112,"180,86M"
2020-09-14,114.72,115.93,112.8,115.36,"140,15M"
2020-09-15,118.33,118.83,113.61,115.54,"184,64M"
2020-09-16,115.23,116,112.04,112.13,"155,03M"
2020-09-17,109.72,112.2,108.71,110.34,"178,01M"
2020-09-18,110.4,110.88,106.09,106.84,"287,10M"
2020-09-21,104.54,110.19,103.1,110.08,"195,71M"
2020-09-22,112.68,112.86,109.16,111.81,"183,06M"
2020-09-23,111.62,112.11,106.77,107.12,"150,72M"
2020-09-24,105.17,110.25,105,108.22,"167,74M"
2020-09-25,108.43,112.44,107.67,112.28,"149,98M"
2020-09-28,115.01,115.32,112.78,114.96,"137,67M"
2020-09-29,114.55,115.31,113.57,114.09,"100,06M"
2020-09-30,113.79,117.26,113.62,115.81,"142,68M"
2020-10-01,117.64,117.72,115.83,116.79,"116,12M"
2020-10-02,112.89,115.37,112.22,113.02,"144,71M"
2020-10-05,113.91,116.65,113.55,116.5,"106,24M"
2020-10-06,115.7,116.12,112.25,113.16,"161,50M"
2020-10-07,114.62,115.55,114.13,115.08,"96,85M"
2020-10-08,116.25,116.4,114.59,114.97,"83,48M"
2020-10-09,115.28,117,114.92,116.97,"100,51M"
2020-10-12,120.06,125.18,119.28,124.4,"240,23M"
2020-10-13,125.27,125.39,119.65,121.1,"262,33M"
2020-10-14,121,123.03,119.62,121.19,"151,06M"
2020-10-15,118.72,121.2,118.15,120.71,"112,56M"
2020-10-16,121.28,121.55,118.81,119.02,"115,39M"
2020-10-19,119.96,120.42,115.66,115.98,"120,64M"
2020-10-20,116.2,118.98,115.63,117.51,"124,42M"
2020-10-21,116.67,118.7,116.45,116.87,"89,95M"
2020-10-22,117.45,118.04,114.59,115.75,"101,99M"
2020-10-23,116.39,116.55,114.28,115.04,"82,57M"
2020-10-26,114.01,116.55,112.88,115.05,"111,85M"
2020-10-27,115.49,117.28,114.54,116.6,"92,28M"
2020-10-28,115.05,115.43,111.1,111.2,"143,94M"
2020-10-29,112.37,116.93,112.2,115.32,"146,13M"
2020-10-30,111.06,111.99,107.72,108.86,"190,57M"
2020-11-02,109.11,110.68,107.32,108.77,"122,87M"
2020-11-03,109.66,111.49,108.73,110.44,"107,62M"
2020-11-04,114.14,115.59,112.35,114.95,"138,24M"
2020-11-05,117.95,119.62,116.87,119.03,"126,39M"
2020-11-06,118.32,119.2,116.13,118.69,"114,46M"
2020-11-09,120.5,121.99,116.05,116.32,"154,52M"
2020-11-10,115.55,117.59,114.13,115.97,"138,02M"
2020-11-11,117.19,119.63,116.44,119.49,"112,29M"
2020-11-12,119.62,120.53,118.57,119.21,"103,35M"
2020-11-13,119.44,119.67,117.87,119.26,"81,69M"
2020-11-16,118.92,120.99,118.15,120.3,"91,18M"
2020-11-17,119.55,120.67,118.96,119.39,"74,27M"
2020-11-18,118.61,119.82,118,118.03,"76,32M"
2020-11-19,117.59,119.06,116.81,118.64,"74,11M"
2020-11-20,118.64,118.77,117.29,117.34,"73,60M"
2020-11-23,117.18,117.62,113.75,113.85,"127,96M"
2020-11-24,113.91,115.85,112.59,115.17,"113,87M"
2020-11-25,115.55,116.75,115.17,116.03,"76,50M"
2020-11-27,116.57,117.49,116.22,116.59,"46,69M"
2020-11-30,116.97,120.97,116.81,119.05,"169,41M"
2020-12-01,121.01,123.47,120.01,122.72,"128,17M"
2020-12-02,122.02,123.37,120.89,123.08,"89,00M"
2020-12-03,123.52,123.78,122.21,122.94,"78,97M"
2020-12-04,122.6,122.86,121.52,122.25,"78,26M"
2020-12-07,122.31,124.57,122.25,123.75,"86,71M"
2020-12-08,124.37,124.98,123.09,124.38,"82,23M"
2020-12-09,124.53,125.95,121,121.78,"115,09M"
2020-12-10,120.5,123.87,120.15,123.24,"81,31M"
2020-12-11,122.43,122.76,120.55,122.41,"86,94M"
2020-12-14,122.6,123.35,121.54,121.78,"79,08M"
2020-12-15,124.34,127.9,124.13,127.88,"157,57M"
2020-12-16,127.41,128.37,126.56,127.81,"98,21M"
2020-12-17,128.9,129.58,128.04,128.7,"94,36M"
2020-12-18,128.96,129.1,126.12,126.66,"192,54M"
2020-12-21,125.02,128.31,123.45,128.23,"121,25M"
2020-12-22,131.61,134.41,129.65,131.88,"169,35M"
2020-12-23,132.16,132.43,130.78,130.96,"88,22M"
2020-12-24,131.32,133.46,131.1,131.97,"54,93M"
2020-12-28,133.99,137.34,133.51,136.69,"124,49M"
2020-12-29,138.05,138.79,134.34,134.87,"121,05M"
2020-12-30,135.58,135.99,133.4,133.72,"96,45M"
2020-12-31,134.08,134.74,131.72,132.69,"99,12M"
2021-01-04,133.52,133.61,126.76,129.41,"143,30M"
2021-01-05,128.89,131.74,128.43,131.01,"97,66M"
2021-01-06,127.72,131.05,126.38,126.6,"155,09M"
2021-01-07,128.36,131.63,127.86,130.92,"109,58M"
2021-01-08,132.43,132.63,130.23,132.05,"105,16M"
2021-01-11,129.19,130.17,128.5,128.98,"100,62M"
2021-01-12,128.5,129.69,126.86,128.8,"91,95M"
2021-01-13,128.76,131.45,128.49,130.89,"88,64M"
2021-01-14,130.8,131,128.76,128.91,"90,22M"
2021-01-15,128.78,130.22,127,127.14,"111,60M"
2021-01-19,127.78,128.71,126.94,127.83,"90,76M"
2021-01-20,128.66,132.49,128.55,132.03,"104,32M"
2021-01-21,133.8,139.67,133.59,136.87,"120,53M"
2021-01-22,136.28,139.85,135.02,139.07,"114,46M"
2021-01-25,143.07,145.09,136.54,142.92,"157,61M"
2021-01-26,143.6,144.3,141.37,143.16,"98,39M"
2021-01-27,143.43,144.3,140.41,142.06,"140,84M"
2021-01-28,139.52,141.99,136.7,137.09,"142,62M"
2021-01-29,135.83,136.74,130.21,131.96,"177,52M"
2021-02-01,133.75,135.38,130.93,134.14,"106,24M"
2021-02-02,135.73,136.31,134.61,134.99,"83,31M"
2021-02-03,135.76,135.77,133.61,133.94,"89,88M"
2021-02-04,136.3,137.4,134.59,137.39,"84,18M"
2021-02-05,137.35,137.42,135.86,136.76,"75,69M"
2021-02-08,136.03,136.96,134.92,136.91,"71,30M"
2021-02-09,136.62,137.88,135.85,136.01,"76,77M"
2021-02-10,136.48,136.99,134.4,135.39,"73,05M"
2021-02-11,135.9,136.39,133.77,135.13,"64,28M"
2021-02-12,134.35,135.53,133.69,135.37,"60,15M"
2021-02-16,135.49,136.01,132.79,133.19,"80,58M"
2021-02-17,131.25,132.22,129.47,130.84,"98,09M"
2021-02-18,129.2,130,127.41,129.71,"96,86M"
2021-02-19,130.24,130.71,128.8,129.87,"87,67M"
2021-02-22,128.01,129.72,125.6,126,"103,92M"
2021-02-23,123.76,126.71,118.39,125.86,"158,27M"
2021-02-24,124.94,125.56,122.23,125.35,"111,04M"
2021-02-25,124.68,126.46,120.54,120.99,"148,20M"
2021-02-26,122.59,124.85,121.2,121.26,"164,56M"
2021-03-01,123.75,127.93,122.79,127.79,"116,31M"
2021-03-02,128.41,128.72,125.01,125.12,"102,26M"
2021-03-03,124.81,125.71,121.84,122.06,"112,97M"
2021-03-04,121.75,123.6,118.62,120.13,"178,15M"
2021-03-05,120.98,121.94,117.57,121.42,"153,77M"
2021-03-08,120.93,121,116.21,116.36,"154,38M"
2021-03-09,119.03,122.06,118.79,121.08,"129,53M"
2021-03-10,121.69,122.17,119.45,119.98,"111,94M"
2021-03-11,122.54,123.21,121.26,121.96,"103,03M"
2021-03-12,120.4,121.17,119.16,121.03,"88,11M"
2021-03-15,121.41,124,120.42,123.99,"92,59M"
2021-03-16,125.7,127.22,124.72,125.57,"115,23M"
2021-03-17,124.05,125.86,122.34,124.76,"111,93M"
2021-03-18,122.88,123.18,120.32,120.53,"121,47M"
2021-03-19,119.9,121.43,119.67,119.99,"185,55M"
2021-03-22,120.33,123.87,120.26,123.39,"111,91M"
2021-03-23,123.33,124.24,122.14,122.54,"95,47M"
2021-03-24,122.82,122.9,120.06,120.09,"88,53M"
2021-03-25,119.54,121.66,119,120.59,"98,84M"
2021-03-26,120.35,121.48,118.92,121.21,"94,07M"
2021-03-29,121.65,122.58,120.73,121.39,"80,82M"
2021-03-30,120.11,120.4,118.86,119.9,"85,67M"
2021-03-31,121.65,123.52,121.15,122.15,"118,32M"
2021-04-01,123.66,124.18,122.49,123,"75,09M"
2021-04-05,123.87,126.16,123.07,125.9,"88,65M"
2021-04-06,126.5,127.13,125.65,126.21,"80,17M"
2021-04-07,125.83,127.92,125.14,127.9,"83,47M"
2021-04-08,128.95,130.39,128.52,130.36,"88,84M"
2021-04-09,129.8,133.04,129.47,133,"106,69M"
2021-04-12,132.52,132.85,130.63,131.24,"91,42M"
2021-04-13,132.44,134.66,131.93,134.43,"91,27M"
2021-04-14,134.94,135,131.66,132.03,"87,22M"
2021-04-15,133.82,135,133.64,134.5,"89,35M"
2021-04-16,134.3,134.67,133.28,134.16,"84,92M"
2021-04-19,133.51,135.47,133.34,134.84,"94,26M"
2021-04-20,135.02,135.53,131.81,133.11,"94,81M"
2021-04-21,132.36,133.75,131.3,133.5,"68,85M"
2021-04-22,133.04,134.15,131.41,131.94,"84,57M"
2021-04-23,132.16,135.12,132.16,134.32,"78,76M"
2021-04-26,134.83,135.06,133.56,134.72,"66,91M"
2021-04-27,135.01,135.41,134.11,134.39,"66,02M"
2021-04-28,134.31,135.02,133.08,133.58,"107,76M"
2021-04-29,136.47,137.07,132.45,133.48,"151,10M"
2021-04-30,131.78,133.56,131.06,131.46,"109,84M"
2021-05-03,132.04,134.07,131.83,132.54,"75,14M"
2021-05-04,131.19,131.49,126.7,127.85,"137,56M"
2021-05-05,129.2,130.45,127.97,128.1,"84,00M"
2021-05-06,127.89,129.75,127.13,129.74,"78,13M"
2021-05-07,130.85,131.26,129.47,130.21,"78,97M"
2021-05-10,129.41,129.54,126.81,126.85,"88,07M"
2021-05-11,123.5,126.27,122.77,125.91,"126,14M"
2021-05-12,123.4,124.64,122.25,122.77,"112,17M"
2021-05-13,124.58,126.15,124.26,124.97,"105,86M"
2021-05-14,126.25,127.89,125.85,127.45,"81,92M"
2021-05-17,126.82,126.93,125.17,126.27,"74,24M"
2021-05-18,126.56,126.99,124.78,124.85,"63,34M"
2021-05-19,123.16,124.92,122.86,124.69,"92,61M"
2021-05-20,125.23,127.72,125.1,127.31,"76,86M"
2021-05-21,127.82,128,125.21,125.43,"79,30M"
2021-05-24,126.01,127.94,125.94,127.1,"63,09M"
2021-05-25,127.82,128.32,126.32,126.9,"72,01M"
2021-05-26,126.95,127.39,126.42,126.85,"56,58M"
2021-05-27,126.44,127.64,125.08,125.28,"94,63M"
2021-05-28,125.57,125.8,124.55,124.61,"71,31M"
2021-06-01,125.08,125.35,123.94,124.28,"67,64M"
2021-06-02,124.28,125.24,124.05,125.06,"59,28M"
2021-06-03,124.68,124.85,123.13,123.54,"76,23M"
2021-06-04,124.07,126.16,123.85,125.89,"75,17M"
2021-06-07,126.17,126.32,124.83,125.9,"71,06M"
2021-06-08,126.6,128.46,126.21,126.74,"74,40M"
2021-06-09,127.21,127.75,126.52,127.13,"56,88M"
2021-06-10,127.02,128.19,125.94,126.11,"71,19M"
2021-06-11,126.53,127.44,126.1,127.35,"53,52M"
2021-06-14,127.82,130.54,127.07,130.48,"96,91M"
2021-06-15,129.94,130.6,129.39,129.64,"62,75M"
2021-06-16,130.37,130.89,128.46,130.15,"91,82M"
2021-06-17,129.8,132.55,129.65,131.79,"96,72M"
2021-06-18,130.71,131.51,130.24,130.46,"108,95M"
2021-06-21,130.3,132.41,129.21,132.3,"79,66M"
2021-06-22,132.13,134.08,131.62,133.98,"74,78M"
2021-06-23,133.77,134.32,133.23,133.7,"60,21M"
2021-06-24,134.45,134.64,132.93,133.41,"68,71M"
2021-06-25,133.46,133.89,132.81,133.11,"70,78M"
2021-06-28,133.41,135.25,133.35,134.78,"62,11M"
2021-06-29,134.8,136.49,134.35,136.33,"64,56M"
2021-06-30,136.17,137.41,135.87,136.96,"63,26M"
2021-07-01,136.6,137.33,135.76,137.27,"52,49M"
2021-07-02,137.9,140,137.75,139.96,"78,95M"
2021-07-06,140.07,143.15,140.07,142.02,"108,18M"
2021-07-07,143.53,144.89,142.66,144.57,"104,91M"
2021-07-08,141.58,144.06,140.66,143.24,"105,58M"
2021-07-09,142.75,145.65,142.65,145.11,"99,89M"
2021-07-12,146.21,146.32,144,144.5,"76,30M"
2021-07-13,144.03,147.46,143.63,145.64,"100,83M"
2021-07-14,148.1,149.57,147.68,149.15,"127,05M"
2021-07-15,149.24,150,147.09,148.48,"106,82M"
2021-07-16,148.46,149.76,145.88,146.39,"93,25M"
2021-07-19,143.75,144.07,141.67,142.45,"121,43M"
2021-07-20,143.46,147.1,142.96,146.15,"96,35M"
2021-07-21,145.53,146.13,144.63,145.4,"74,99M"
2021-07-22,145.94,148.19,145.81,146.8,"77,34M"
2021-07-23,147.55,148.72,146.92,148.56,"71,45M"
2021-07-26,148.27,149.83,147.7,148.99,"72,43M"
2021-07-27,149.12,149.21,145.55,146.77,"104,82M"
2021-07-28,144.81,146.97,142.54,144.98,"118,93M"
2021-07-29,144.69,146.55,144.58,145.64,"56,70M"
2021-07-30,144.38,146.33,144.11,145.86,"70,44M"
2021-08-02,146.36,146.95,145.25,145.52,"62,88M"
2021-08-03,145.81,148.04,145.18,147.36,"64,79M"
2021-08-04,147.27,147.79,146.28,146.95,"56,37M"
2021-08-05,146.98,147.84,146.17,147.06,"46,40M"
2021-08-06,146.35,147.11,145.63,146.14,"54,13M"
2021-08-09,146.2,146.7,145.52,146.09,"48,91M"
2021-08-10,146.44,147.71,145.3,145.6,"69,02M"
2021-08-11,146.05,146.72,145.53,145.86,"48,49M"
2021-08-12,146.19,149.05,145.84,148.89,"73,78M"
2021-08-13,148.97,149.44,148.27,149.1,"59,38M"
2021-08-16,148.53,151.19,146.47,151.12,"103,56M"
2021-08-17,150.23,151.68,149.09,150.19,"92,23M"
2021-08-18,149.8,150.72,146.15,146.36,"86,33M"
2021-08-19,145.03,148,144.5,146.7,"86,96M"
2021-08-20,147.44,148.5,146.78,148.19,"60,55M"
2021-08-23,148.31,150.19,147.89,149.71,"60,13M"
2021-08-24,149.45,150.86,149.15,149.62,"48,61M"
2021-08-25,149.81,150.32,147.8,148.36,"58,99M"
2021-08-26,148.35,149.12,147.51,147.54,"48,60M"
2021-08-27,147.48,148.75,146.83,148.6,"55,80M"
2021-08-30,149,153.49,148.61,153.12,"90,96M"
2021-08-31,152.66,152.8,151.29,151.83,"86,45M"
2021-09-01,152.83,154.98,152.34,152.51,"80,31M"
2021-09-02,153.87,154.72,152.4,153.65,"71,17M"
2021-09-03,153.76,154.63,153.09,154.3,"57,87M"
2021-09-07,154.97,157.26,154.39,156.69,"82,28M"
2021-09-08,156.98,157.04,153.97,155.11,"74,42M"
2021-09-09,155.49,156.11,153.95,154.07,"57,31M"
2021-09-10,155,155.48,148.7,148.97,"140,89M"
2021-09-13,150.63,151.42,148.75,149.55,"102,40M"
2021-09-14,150.35,151.07,146.91,148.12,"109,30M"
2021-09-15,148.56,149.44,146.37,149.03,"83,28M"
2021-09-16,148.44,148.97,147.22,148.79,"68,03M"
2021-09-17,148.82,148.82,145.76,146.06,"129,87M"
2021-09-20,143.8,144.84,141.27,142.94,"123,48M"
2021-09-21,143.93,144.6,142.78,143.43,"75,83M"
2021-09-22,144.45,146.43,143.7,145.85,"76,40M"
2021-09-23,146.65,147.08,145.64,146.83,"64,84M"
2021-09-24,145.66,147.47,145.56,146.92,"53,48M"
2021-09-27,145.47,145.96,143.82,145.37,"74,15M"
2021-09-28,143.25,144.75,141.69,141.91,"108,97M"
2021-09-29,142.47,144.45,142.03,142.83,"74,60M"
2021-09-30,143.66,144.38,141.28,141.5,"89,06M"
2021-10-01,141.9,142.92,139.11,142.65,"94,64M"
2021-10-04,141.76,142.21,138.27,139.14,"98,32M"
2021-10-05,139.49,142.24,139.36,141.11,"80,86M"
2021-10-06,139.47,142.15,138.37,142,"83,22M"
2021-10-07,143.06,144.22,142.72,143.29,"61,73M"
2021-10-08,144.03,144.18,142.56,142.9,"58,77M"
2021-10-11,142.27,144.81,141.81,142.81,"64,45M"
2021-10-12,143.23,143.25,141.04,141.51,"73,04M"
2021-10-13,141.24,141.4,139.2,140.91,"78,76M"
2021-10-14,142.11,143.88,141.51,143.76,"69,91M"
2021-10-15,143.77,144.9,143.51,144.84,"67,94M"
2021-10-18,143.44,146.84,143.16,146.55,"85,59M"
2021-10-19,147.01,149.17,146.55,148.76,"76,38M"
2021-10-20,148.7,149.75,148.12,149.26,"58,42M"
2021-10-21,148.81,149.64,147.87,149.48,"61,42M"
2021-10-22,149.69,150.18,148.64,148.69,"58,88M"
2021-10-25,148.68,149.37,147.62,148.64,"50,72M"
2021-10-26,149.33,150.84,149.01,149.32,"60,89M"
2021-10-27,149.36,149.73,148.49,148.85,"56,09M"
2021-10-28,149.82,153.16,149.72,152.57,"100,08M"
2021-10-29,147.22,149.94,146.41,149.8,"124,95M"
2021-11-01,148.99,149.7,147.8,148.96,"74,59M"
2021-11-02,148.66,151.57,148.65,150.02,"69,12M"
2021-11-03,150.39,151.97,149.82,151.49,"54,51M"
2021-11-04,151.58,152.43,150.64,150.96,"60,39M"
2021-11-05,151.89,152.2,150.06,151.28,"65,46M"
2021-11-08,151.41,151.57,150.16,150.44,"55,02M"
2021-11-09,150.2,151.43,150.06,150.81,"56,79M"
2021-11-10,150.02,150.13,147.85,147.92,"65,19M"
2021-11-11,148.96,149.43,147.68,147.87,"41,00M"
2021-11-12,148.43,150.4,147.48,149.99,"63,80M"
2021-11-15,150.37,151.88,149.43,150,"59,22M"
2021-11-16,149.94,151.49,149.34,151,"59,26M"
2021-11-17,151,155,150.99,153.49,"88,81M"
2021-11-18,153.71,158.67,153.05,157.87,"137,83M"
2021-11-19,157.65,161.02,156.53,160.55,"117,31M"
2021-11-22,161.68,165.7,161,161.02,"117,47M"
2021-11-23,161.12,161.8,159.06,161.41,"96,04M"
2021-11-24,160.75,162.14,159.64,161.94,"69,46M"
2021-11-26,159.56,160.45,156.36,156.81,"76,96M"
2021-11-29,159.37,161.19,158.79,160.24,"88,75M"
2021-11-30,159.99,165.52,159.92,165.3,"174,05M"
2021-12-01,167.48,170.3,164.53,164.77,"152,42M"
2021-12-02,158.74,164.2,157.8,163.76,"136,74M"
2021-12-03,164.02,164.96,159.72,161.84,"118,02M"
2021-12-06,164.29,167.88,164.28,165.32,"107,50M"
2021-12-07,169.08,171.58,168.34,171.18,"120,41M"
2021-12-08,172.12,175.96,170.7,175.08,"117,00M"
2021-12-09,174.91,176.75,173.92,174.56,"108,92M"
2021-12-10,175.21,179.63,174.69,179.45,"115,40M"
2021-12-13,181.12,182.13,175.53,175.74,"153,24M"
2021-12-14,175.25,177.74,172.21,174.33,"139,38M"
2021-12-15,175.11,179.5,172.31,179.3,"131,06M"
2021-12-16,179.28,181.14,170.75,172.26,"150,19M"
2021-12-17,169.93,173.47,169.69,171.14,"195,92M"
2021-12-20,168.28,170.58,167.46,169.75,"107,50M"
2021-12-21,171.56,173.2,169.12,172.99,"91,19M"
2021-12-22,173.04,175.86,172.15,175.64,"92,14M"
2021-12-23,175.85,176.85,175.27,176.28,"68,36M"
2021-12-27,177.09,180.42,177.07,180.33,"74,92M"
2021-12-28,180.16,181.33,178.53,179.29,"79,14M"
2021-12-29,179.33,180.63,178.14,179.38,"62,35M"
2021-12-30,179.47,180.57,178.09,178.2,"59,77M"
2021-12-31,178.09,179.23,177.26,177.57,"64,06M"
2022-01-03,177.83,182.88,177.71,182.01,"104,70M"
2022-01-04,182.63,182.94,179.12,179.7,"99,31M"
2022-01-05,179.61,180.17,174.64,174.92,"94,54M"
2022-01-06,172.7,175.3,171.64,172,"96,90M"
2022-01-07,172.89,174.14,171.03,172.17,"86,71M"
2022-01-10,169.08,172.5,168.17,172.19,"106,77M"
2022-01-11,172.32,175.18,170.82,175.08,"76,14M"
2022-01-12,176.12,177.18,174.82,175.53,"74,81M"
2022-01-13,175.78,176.62,171.79,172.19,"84,51M"
2022-01-14,171.34,173.78,171.09,173.07,"80,44M"
2022-01-18,171.51,172.54,169.41,169.8,"91,17M"
2022-01-19,170,171.08,165.94,166.23,"94,81M"
2022-01-20,166.98,169.68,164.18,164.51,"91,42M"
2022-01-21,164.41,166.33,162.3,162.41,"122,85M"
2022-01-24,160.02,162.3,154.7,161.62,"162,71M"
2022-01-25,158.98,162.76,157.02,159.78,"115,80M"
2022-01-26,163.5,164.39,157.82,159.69,"108,28M"
2022-01-27,162.45,163.84,158.28,159.22,"121,95M"
2022-01-28,165.71,170.35,162.8,170.33,"179,94M"
2022-01-31,170.16,175,169.51,174.78,"115,54M"
2022-02-01,174.01,174.84,172.31,174.61,"86,21M"
2022-02-02,174.75,175.88,173.33,175.84,"84,91M"
2022-02-03,174.48,176.24,172.12,172.9,"89,42M"
2022-02-04,171.68,174.1,170.68,172.39,"82,47M"
2022-02-07,172.86,173.95,170.95,171.66,"77,25M"
2022-02-08,171.73,175.35,171.43,174.83,"74,83M"
2022-02-09,176.05,176.65,174.9,176.28,"71,29M"
2022-02-10,174.14,175.48,171.55,172.12,"90,87M"
2022-02-11,172.33,173.08,168.04,168.64,"98,67M"
2022-02-14,167.37,169.58,166.56,168.88,"86,19M"
2022-02-15,170.97,172.95,170.25,172.79,"64,29M"
2022-02-16,171.85,173.34,170.05,172.55,"61,18M"
2022-02-17,171.03,171.91,168.47,168.88,"69,59M"
2022-02-18,169.82,170.54,166.19,167.3,"82,77M"
2022-02-22,164.98,166.69,162.15,164.32,"91,16M"
2022-02-23,165.54,166.15,159.75,160.07,"90,01M"
2022-02-24,152.58,162.85,152,162.74,"141,15M"
2022-02-25,163.84,165.12,160.87,164.85,"91,97M"
2022-02-28,163.06,165.42,162.43,165.12,"95,06M"
2022-03-01,164.69,166.6,161.97,163.2,"83,47M"
2022-03-02,164.39,167.36,162.95,166.56,"79,72M"
2022-03-03,168.47,168.91,165.55,166.23,"76,68M"
2022-03-04,164.49,165.55,162.1,163.17,"83,82M"
2022-03-07,163.36,165.02,159.04,159.3,"96,42M"
2022-03-08,158.82,162.88,155.8,157.44,"131,15M"
2022-03-09,161.47,163.41,159.41,162.95,"91,45M"
2022-03-10,160.2,160.39,155.98,158.52,"105,34M"
2022-03-11,158.93,159.28,154.5,154.73,"96,97M"
2022-03-14,151.45,154.12,150.1,150.62,"108,73M"
2022-03-15,150.9,155.57,150.38,155.09,"92,96M"
2022-03-16,157.05,160,154.46,159.59,"102,30M"
2022-03-17,158.61,161,157.63,160.62,"75,62M"
2022-03-18,160.51,164.48,159.76,163.98,"123,51M"
2022-03-21,163.51,166.35,163.01,165.38,"95,81M"
2022-03-22,165.51,169.42,164.91,168.82,"81,53M"
2022-03-23,167.99,172.64,167.65,170.21,"98,06M"
2022-03-24,171.06,174.14,170.21,174.07,"90,13M"
2022-03-25,173.88,175.28,172.75,174.72,"80,55M"
2022-03-28,172.17,175.73,172,175.6,"90,37M"
2022-03-29,176.69,179.01,176.34,178.96,"100,59M"
2022-03-30,178.55,179.61,176.7,177.77,"92,63M"
2022-03-31,177.84,178.03,174.4,174.61,"103,05M"
2022-04-01,174.03,174.88,171.94,174.31,"78,75M"
2022-04-04,174.57,178.49,174.44,178.44,"76,55M"
2022-04-05,177.5,178.3,174.41,175.06,"73,40M"
2022-04-06,172.36,173.63,170.13,171.83,"89,06M"
2022-04-07,171.16,173.36,169.85,172.14,"77,59M"
2022-04-08,171.78,171.78,169.2,170.09,"76,58M"
2022-04-11,168.71,169.03,165.5,165.75,"72,25M"
2022-04-12,168.02,169.87,166.64,167.66,"79,27M"
2022-04-13,167.39,171.04,166.77,170.4,"70,62M"
2022-04-14,170.62,171.27,165.04,165.29,"75,33M"
2022-04-18,163.92,166.6,163.57,165.07,"69,02M"
2022-04-19,165.02,167.82,163.91,167.4,"67,72M"
2022-04-20,168.76,168.88,166.1,167.23,"67,93M"
2022-04-21,168.91,171.53,165.91,166.42,"87,23M"
2022-04-22,166.46,167.87,161.5,161.79,"84,88M"
2022-04-25,161.12,163.17,158.46,162.88,"96,05M"
2022-04-26,162.25,162.34,156.72,156.8,"95,62M"
2022-04-27,155.91,159.79,155.38,156.57,"88,06M"
2022-04-28,159.25,164.51,158.93,163.64,"130,22M"
2022-04-29,161.84,166.2,157.25,157.65,"131,75M"
2022-05-02,156.71,158.23,153.27,157.96,"123,06M"
2022-05-03,158.15,160.71,156.32,159.48,"88,97M"
2022-05-04,159.67,166.48,159.26,166.02,"108,26M"
2022-05-05,163.85,164.08,154.95,156.77,"130,53M"
2022-05-06,156.01,159.44,154.18,157.28,"116,12M"
2022-05-09,154.93,155.83,151.49,152.06,"131,58M"
2022-05-10,155.52,156.74,152.93,154.51,"115,37M"
2022-05-11,153.5,155.45,145.81,146.5,"142,69M"
2022-05-12,142.77,146.2,138.8,142.56,"182,60M"
2022-05-13,144.59,148.1,143.11,147.11,"113,99M"
2022-05-16,145.55,147.52,144.18,145.54,"86,64M"
2022-05-17,148.86,149.77,146.68,149.24,"78,34M"
2022-05-18,146.85,147.36,139.9,140.82,"109,74M"
2022-05-19,139.88,141.66,136.6,137.35,"136,10M"
2022-05-20,139.09,140.7,132.61,137.59,"137,43M"
2022-05-23,137.79,143.26,137.65,143.11,"117,73M"
2022-05-24,140.81,141.97,137.33,140.36,"104,13M"
2022-05-25,138.43,141.78,138.34,140.52,"92,48M"
2022-05-26,137.39,144.34,137.14,143.78,"90,60M"
2022-05-27,145.39,149.68,145.26,149.64,"90,98M"
2022-05-31,149.07,150.66,146.84,148.84,"103,72M"
2022-06-01,149.9,151.74,147.68,148.71,"74,29M"
2022-06-02,147.83,151.27,146.86,151.21,"72,35M"
2022-06-03,146.9,147.97,144.46,145.38,"88,57M"
2022-06-06,147.03,148.57,144.9,146.14,"71,60M"
2022-06-07,144.35,149,144.1,148.71,"67,81M"
2022-06-08,148.58,149.87,147.46,147.96,"53,95M"
2022-06-09,147.08,147.95,142.53,142.64,"69,47M"
2022-06-10,140.28,140.76,137.06,137.13,"91,57M"
2022-06-13,132.87,135.2,131.44,131.88,"122,21M"
2022-06-14,133.13,133.89,131.48,132.76,"84,78M"
2022-06-15,134.29,137.34,132.16,135.43,"91,53M"
2022-06-16,132.08,132.39,129.04,130.06,"107,96M"
2022-06-17,130.07,133.08,129.81,131.56,"134,52M"
2022-06-21,133.42,137.06,133.32,135.87,"81,00M"
2022-06-22,134.79,137.76,133.91,135.35,"73,41M"
2022-06-23,136.82,138.59,135.63,138.27,"72,43M"
2022-06-24,139.9,141.91,139.77,141.66,"89,12M"
2022-06-27,142.7,143.49,140.96,141.66,"70,21M"
2022-06-28,142.13,143.42,137.32,137.44,"67,32M"
2022-06-29,137.46,140.67,136.67,139.23,"66,24M"
2022-06-30,137.25,138.37,133.77,136.72,"98,96M"
2022-07-01,136.04,139.04,135.66,138.93,"71,05M"
2022-07-05,137.77,141.61,136.93,141.56,"73,43M"
2022-07-06,141.35,144.12,141.08,142.92,"74,06M"
2022-07-07,143.29,146.55,143.28,146.35,"66,25M"
2022-07-08,145.26,147.55,145,147.04,"64,55M"
2022-07-11,145.67,146.64,143.78,144.87,"63,31M"
2022-07-12,145.76,148.45,145.05,145.86,"77,59M"
2022-07-13,142.99,146.45,142.12,145.49,"71,19M"
2022-07-14,144.08,148.95,143.25,148.47,"78,14M"
2022-07-15,149.78,150.86,148.2,150.17,"76,26M"
2022-07-18,150.74,151.57,146.7,147.07,"81,42M"
2022-07-19,147.92,151.23,146.91,151,"82,98M"
2022-07-20,151.12,153.72,150.37,153.04,"64,82M"
2022-07-21,154.5,155.57,151.94,155.35,"65,09M"
2022-07-22,155.39,156.28,153.41,154.09,"66,68M"
2022-07-25,154.01,155.04,152.28,152.95,"53,62M"
2022-07-26,152.26,153.09,150.8,151.6,"55,14M"
2022-07-27,152.58,157.33,152.16,156.79,"78,62M"
2022-07-28,156.98,157.64,154.41,157.35,"81,38M"
2022-07-29,161.24,163.63,159.5,162.51,"101,79M"
2022-08-01,161.01,163.59,160.89,161.51,"67,83M"
2022-08-02,160.1,162.41,159.63,160.01,"59,91M"
2022-08-03,160.84,166.59,160.75,166.13,"82,51M"
2022-08-04,166.01,167.19,164.43,165.81,"55,47M"
2022-08-05,163.21,165.85,163,165.35,"56,70M"
2022-08-08,166.37,167.81,164.2,164.87,"60,36M"
2022-08-09,164.02,165.82,163.25,164.92,"63,14M"
2022-08-10,167.68,169.34,166.9,169.24,"70,17M"
2022-08-11,170.06,170.99,168.19,168.49,"57,15M"
2022-08-12,169.82,172.17,169.4,172.1,"68,04M"
2022-08-15,171.52,173.39,171.35,173.19,"54,09M"
2022-08-16,172.78,173.71,171.66,173.03,"56,38M"
2022-08-17,172.77,176.15,172.57,174.55,"79,54M"
2022-08-18,173.75,174.9,173.12,174.15,"62,29M"
2022-08-19,173.03,173.74,171.31,171.52,"70,35M"
2022-08-22,169.69,169.86,167.13,167.57,"69,03M"
2022-08-23,167.08,168.71,166.65,167.23,"54,15M"
2022-08-24,167.32,168.11,166.24,167.53,"53,84M"
2022-08-25,168.78,170.14,168.35,170.03,"51,22M"
2022-08-26,170.57,171.05,163.56,163.62,"78,96M"
2022-08-29,161.15,162.9,159.82,161.38,"73,31M"
2022-08-30,162.13,162.56,157.72,158.91,"77,91M"
2022-08-31,160.3,160.58,157.14,157.22,"87,99M"
2022-09-01,156.64,158.42,154.67,157.96,"74,23M"
2022-09-02,159.75,160.36,154.96,155.81,"76,96M"
2022-09-06,156.47,157.09,153.69,154.53,"73,71M"
2022-09-07,154.82,156.67,153.61,155.96,"87,45M"
2022-09-08,154.64,156.36,152.68,154.46,"84,92M"
2022-09-09,155.47,157.82,154.75,157.37,"68,08M"
2022-09-12,159.59,164.26,159.3,163.43,"104,96M"
2022-09-13,159.9,160.54,153.37,153.84,"122,66M"
2022-09-14,154.79,157.1,153.61,155.31,"87,97M"
2022-09-15,154.65,155.24,151.38,152.37,"90,48M"
2022-09-16,151.21,151.35,148.37,150.7,"162,28M"
2022-09-19,149.31,154.56,149.1,154.48,"81,47M"
2022-09-20,153.4,158.08,153.08,156.9,"107,69M"
2022-09-21,157.34,158.74,153.6,153.72,"101,70M"
2022-09-22,152.38,154.47,150.91,152.74,"86,65M"
2022-09-23,151.19,151.47,148.56,150.43,"96,03M"
2022-09-26,149.66,153.77,149.64,150.77,"93,34M"
2022-09-27,152.74,154.72,149.95,151.76,"84,44M"
2022-09-28,147.64,150.64,144.84,149.84,"146,69M"
2022-09-29,146.1,146.72,140.68,142.48,"128,14M"
2022-09-30,141.28,143.1,138,138.2,"124,93M"
2022-10-03,138.21,143.07,137.68,142.45,"114,31M"
2022-10-04,145.03,146.22,144.26,146.1,"87,83M"
2022-10-05,144.07,147.38,143.01,146.4,"79,47M"
2022-10-06,145.81,147.54,145.22,145.43,"68,40M"
2022-10-07,142.54,143.1,139.45,140.09,"85,93M"
2022-10-10,140.42,141.89,138.57,140.42,"74,90M"
2022-10-11,139.9,141.35,138.22,138.98,"77,03M"
2022-10-12,139.13,140.36,138.16,138.34,"70,43M"
2022-10-13,134.99,143.59,134.37,142.99,"113,22M"
2022-10-14,144.31,144.52,138.19,138.38,"88,60M"
2022-10-17,141.07,142.9,140.27,142.41,"85,25M"
2022-10-18,145.49,146.7,140.61,143.75,"99,14M"
2022-10-19,141.69,144.95,141.5,143.86,"61,76M"
2022-10-20,143.02,145.89,142.65,143.39,"64,52M"
2022-10-21,142.87,147.85,142.65,147.27,"86,55M"
2022-10-24,147.18,150.23,146,149.45,"75,98M"
2022-10-25,150.09,152.49,149.36,152.34,"74,73M"
2022-10-26,150.96,151.99,148.04,149.35,"88,44M"
2022-10-27,148.07,149.05,144.13,144.8,"109,18M"
2022-10-28,148.2,157.5,147.82,155.74,"164,76M"
2022-10-31,153.15,154.24,151.92,153.34,"97,94M"
2022-11-01,155.08,155.45,149.13,150.65,"80,38M"
2022-11-02,148.95,152.17,145,145.03,"93,60M"
2022-11-03,142.06,142.8,138.75,138.88,"97,92M"
2022-11-04,142.09,142.67,134.38,138.38,"140,81M"
2022-11-07,137.11,139.15,135.67,138.92,"83,37M"
2022-11-08,140.41,141.43,137.49,139.5,"89,91M"
2022-11-09,138.5,138.55,134.59,134.87,"74,92M"
2022-11-10,141.24,146.87,139.5,146.87,"118,85M"
2022-11-11,145.82,150.01,144.37,149.7,"93,98M"
2022-11-14,148.97,150.28,147.43,148.28,"73,37M"
2022-11-15,152.21,153.59,148.56,150.04,"89,87M"
2022-11-16,149.13,149.87,147.29,148.79,"64,22M"
2022-11-17,146.43,151.48,146.15,150.72,"80,39M"
2022-11-18,152.3,152.7,149.97,151.29,"74,83M"
2022-11-21,150.16,150.37,147.71,148.01,"58,72M"
2022-11-22,148.13,150.42,146.93,150.18,"51,80M"
2022-11-23,149.45,151.83,149.34,151.07,"58,30M"
2022-11-25,148.3,148.88,147.12,148.11,"35,20M"
2022-11-28,145.14,146.64,143.38,144.22,"69,35M"
2022-11-29,144.29,144.81,140.35,141.17,"83,76M"
2022-11-30,141.4,148.72,140.55,148.03,"111,38M"
2022-12-01,148.21,149.13,146.61,148.31,"71,25M"
2022-12-02,145.96,148,145.65,147.81,"65,45M"
2022-12-05,147.77,150.92,145.77,146.63,"68,83M"
2022-12-06,147.07,147.3,141.92,142.91,"64,73M"
2022-12-07,142.19,143.37,140,140.94,"69,72M"
2022-12-08,142.36,143.52,141.1,142.65,"62,13M"
2022-12-09,142.34,145.57,140.9,142.16,"76,10M"
2022-12-12,142.7,144.5,141.06,144.49,"70,46M"
2022-12-13,149.5,149.97,144.24,145.47,"93,89M"
2022-12-14,145.35,146.65,141.16,143.21,"82,29M"
2022-12-15,141.11,141.8,136.02,136.5,"98,93M"
2022-12-16,136.68,137.65,133.73,134.51,"160,16M"
2022-12-19,135.11,135.2,131.32,132.37,"79,59M"
2022-12-20,131.39,133.25,129.89,132.3,"77,43M"
2022-12-21,132.98,136.81,132.75,135.45,"85,93M"
2022-12-22,134.35,134.56,130.3,132.23,"77,85M"
2022-12-23,130.92,132.41,129.64,131.86,"63,81M"
2022-12-27,131.38,131.41,128.72,130.03,"69,01M"
2022-12-28,129.67,131.03,125.87,126.04,"85,44M"
2022-12-29,127.99,130.48,127.73,129.61,"75,70M"
2022-12-30,128.41,129.95,127.43,129.93,"77,03M"
2023-01-03,130.28,130.9,124.17,125.07,"112,12M"
2023-01-04,126.89,128.66,125.08,126.36,"89,11M"
2023-01-05,127.13,127.77,124.76,125.02,"80,96M"
2023-01-06,126.01,130.29,124.89,129.62,"87,75M"
2023-01-09,130.46,133.41,129.89,130.15,"70,79M"
2023-01-10,130.26,131.26,128.12,130.73,"63,90M"
2023-01-11,131.25,133.51,130.46,133.49,"69,46M"
2023-01-12,133.88,134.26,131.44,133.41,"71,38M"
2023-01-13,132.03,134.92,131.66,134.76,"57,81M"
2023-01-17,134.83,137.29,134.13,135.94,"63,65M"
2023-01-18,136.82,138.61,135.03,135.21,"69,67M"
2023-01-19,134.08,136.25,133.77,135.27,"58,28M"
2023-01-20,135.28,138.02,134.22,137.87,"80,22M"
2023-01-23,138.12,143.32,137.9,141.11,"81,76M"
2023-01-24,140.3,143.16,140.3,142.53,"66,44M"
2023-01-25,140.89,142.43,138.81,141.86,"65,80M"
2023-01-26,143.17,144.25,141.9,143.96,"54,11M"
2023-01-27,143.15,147.23,143.08,145.93,"70,56M"
2023-01-30,144.96,145.55,142.85,143,"64,02M"
2023-01-31,142.7,144.34,142.28,144.29,"65,87M"
2023-02-01,143.97,146.61,141.32,145.43,"77,66M"
2023-02-02,148.9,151.18,148.17,150.82,"118,34M"
2023-02-03,148.03,157.38,147.83,154.5,"154,36M"
2023-02-06,152.57,153.1,150.78,151.73,"69,86M"
2023-02-07,150.64,155.23,150.64,154.65,"83,32M"
2023-02-08,153.88,154.58,151.17,151.92,"64,12M"
2023-02-09,153.77,154.33,150.42,150.87,"56,01M"
2023-02-10,149.46,151.34,149.22,151.01,"57,45M"
2023-02-13,150.95,154.26,150.92,153.85,"62,20M"
2023-02-14,152.12,153.77,150.86,153.2,"61,71M"
2023-02-15,153.11,155.5,152.88,155.33,"65,67M"
2023-02-16,153.51,156.33,153.35,153.71,"68,17M"
2023-02-17,152.35,153,150.85,152.55,"59,14M"
2023-02-21,150.2,151.3,148.4,148.48,"58,87M"
2023-02-22,148.87,149.95,147.16,148.91,"51,01M"
2023-02-23,150.09,150.34,147.24,149.4,"48,39M"
2023-02-24,147.11,147.19,145.72,146.71,"55,47M"
2023-02-27,147.71,149.17,147.45,147.92,"45,00M"
2023-02-28,147.05,149.08,146.83,147.41,"50,55M"
2023-03-01,146.83,147.23,145.01,145.31,"55,48M"
2023-03-02,144.38,146.71,143.9,145.91,"52,28M"
2023-03-03,148.04,151.11,147.33,151.03,"70,73M"
2023-03-06,153.79,156.3,153.46,153.83,"87,56M"
2023-03-07,153.7,154.03,151.13,151.6,"56,18M"
2023-03-08,152.81,153.47,151.83,152.87,"47,20M"
2023-03-09,153.56,154.54,150.23,150.59,"53,83M"
2023-03-10,150.21,150.94,147.61,148.5,"68,57M"
2023-03-13,147.8,153.14,147.7,150.47,"84,46M"
2023-03-14,151.28,153.4,150.1,152.59,"73,70M"
2023-03-15,151.19,153.24,149.92,152.99,"77,17M"
2023-03-16,152.16,156.46,151.64,155.85,"76,25M"
2023-03-17,156.08,156.74,154.28,155,"98,94M"
2023-03-20,155.07,157.82,154.15,157.4,"73,64M"
2023-03-21,157.32,159.4,156.54,159.28,"73,94M"
2023-03-22,159.3,162.14,157.81,157.83,"75,70M"
2023-03-23,158.83,161.55,157.68,158.93,"67,62M"
2023-03-24,158.86,160.34,157.85,160.25,"59,26M"
2023-03-27,159.94,160.77,157.87,158.28,"52,39M"
2023-03-28,157.97,158.49,155.98,157.65,"45,99M"
2023-03-29,159.37,161.05,159.35,160.77,"51,31M"
2023-03-30,161.53,162.47,161.27,162.36,"49,50M"
2023-03-31,162.44,165,161.91,164.9,"68,75M"
2023-04-03,164.27,166.29,164.22,166.17,"56,98M"
2023-04-04,166.6,166.84,165.11,165.63,"46,28M"
2023-04-05,164.74,165.05,161.8,163.76,"51,51M"
2023-04-06,162.43,164.96,162,164.66,"45,39M"
2023-04-10,161.42,162.03,160.08,162.03,"47,72M"
2023-04-11,162.35,162.36,160.51,160.8,"47,64M"
2023-04-12,161.22,162.06,159.78,160.1,"50,13M"
2023-04-13,161.63,165.8,161.42,165.56,"68,45M"
2023-04-14,164.59,166.32,163.82,165.21,"49,39M"
2023-04-17,165.09,165.39,164.03,165.23,"41,52M"
2023-04-18,166.1,167.41,165.65,166.47,"49,92M"
2023-04-19,165.8,168.16,165.54,167.63,"47,72M"
2023-04-20,166.09,167.87,165.56,166.65,"52,46M"
2023-04-21,165.05,166.45,164.49,165.02,"58,34M"
2023-04-24,165,165.6,163.89,165.33,"41,95M"
2023-04-25,165.19,166.3,163.73,163.77,"48,71M"
2023-04-26,163.05,165.28,162.8,163.76,"45,50M"
2023-04-27,165.19,168.56,165.19,168.41,"64,90M"
2023-04-28,168.49,169.85,167.88,169.68,"55,28M"
2023-05-01,169.28,170.45,168.64,169.59,"52,47M"
2023-05-02,170.09,170.35,167.54,168.54,"48,43M"
2023-05-03,169.5,170.92,167.16,167.45,"65,14M"
2023-05-04,164.89,167.04,164.31,165.79,"81,24M"
2023-05-05,170.98,174.3,170.76,173.57,"113,45M"
2023-05-08,172.48,173.85,172.11,173.5,"55,96M"
2023-05-09,173.05,173.54,171.6,171.77,"45,33M"
2023-05-10,173.02,174.03,171.9,173.55,"53,72M"
2023-05-11,173.85,174.59,172.17,173.75,"49,51M"
2023-05-12,173.62,174.06,171,172.57,"45,53M"
2023-05-15,173.16,173.21,171.47,172.07,"37,27M"
2023-05-16,171.99,173.14,171.8,172.07,"42,11M"
2023-05-17,171.71,172.93,170.42,172.69,"57,95M"
2023-05-18,173,175.24,172.58,175.05,"65,50M"
2023-05-19,176.39,176.39,174.94,175.16,"55,81M"
2023-05-22,173.98,174.71,173.45,174.2,"43,57M"
2023-05-23,173.13,173.38,171.27,171.56,"50,75M"
2023-05-24,171.09,172.42,170.52,171.84,"45,14M"
2023-05-25,172.41,173.9,171.69,172.99,"56,06M"
2023-05-26,173.32,175.77,173.11,175.43,"54,84M"
2023-05-30,176.96,178.99,176.57,177.3,"55,96M"
2023-05-31,177.32,179.35,176.76,177.25,"99,63M"
2023-06-01,177.7,180.12,176.93,180.09,"68,90M"
2023-06-02,181.03,181.78,179.26,180.95,"62,00M"
2023-06-05,182.63,184.95,178.04,179.58,"121,95M"
2023-06-06,179.96,180.12,177.43,179.21,"64,85M"
2023-06-07,178.44,181.21,177.32,177.82,"61,94M"
2023-06-08,177.9,180.84,177.46,180.57,"50,21M"
2023-06-09,181.5,182.23,180.63,180.96,"48,90M"
2023-06-12,181.27,183.89,180.97,183.79,"54,76M"
2023-06-13,182.8,184.15,182.44,183.31,"54,93M"
2023-06-14,183.37,184.39,182.02,183.95,"57,46M"
2023-06-15,183.96,186.52,183.78,186.01,"65,43M"
2023-06-16,186.73,186.99,184.27,184.92,"101,26M"
2023-06-20,184.41,186.1,184.41,185.01,"49,80M"
2023-06-21,184.9,185.41,182.59,183.96,"49,52M"
2023-06-22,183.74,187.04,183.67,187,"51,25M"
2023-06-23,185.55,187.56,185.01,186.68,"53,12M"
2023-06-26,186.83,188.05,185.23,185.27,"48,09M"
2023-06-27,185.89,188.39,185.67,188.06,"50,73M"
2023-06-28,187.93,189.9,187.6,189.25,"51,22M"
2023-06-29,189.08,190.07,188.94,189.59,"46,35M"
2023-06-30,191.63,194.48,191.26,193.97,"85,21M"
2023-07-03,193.78,193.88,191.76,192.46,"31,46M"
2023-07-05,191.57,192.98,190.62,191.33,"46,92M"
2023-07-06,189.84,192.02,189.2,191.81,"45,16M"
2023-07-07,191.41,192.67,190.24,190.68,"46,82M"
2023-07-10,189.26,189.99,187.04,188.61,"59,92M"
2023-07-11,189.16,189.3,186.6,188.08,"46,64M"
2023-07-12,189.68,191.7,188.47,189.77,"60,75M"
2023-07-13,190.5,191.19,189.78,190.54,"41,34M"
2023-07-14,190.23,191.18,189.63,190.69,"41,62M"
2023-07-17,191.9,194.32,191.81,193.99,"50,52M"
2023-07-18,193.35,194.33,192.41,193.73,"48,35M"
2023-07-19,193.1,198.23,192.65,195.1,"80,51M"
2023-07-20,195.09,196.47,192.49,193.13,"59,58M"
2023-07-21,194.1,194.97,191.23,191.94,"71,95M"
2023-07-24,193.41,194.91,192.25,192.75,"45,51M"
2023-07-25,193.33,194.44,192.91,193.62,"37,28M"
2023-07-26,193.67,195.64,193.32,194.5,"47,47M"
2023-07-27,196.02,197.2,192.55,193.22,"47,46M"
2023-07-28,194.67,196.63,194.14,195.83,"48,29M"
2023-07-31,196.06,196.49,195.26,196.45,"38,82M"
2023-08-01,196.24,196.73,195.28,195.6,"35,28M"
2023-08-02,195.04,195.18,191.85,192.58,"50,39M"
2023-08-03,191.57,192.37,190.69,191.17,"62,24M"
2023-08-04,185.52,187.38,181.92,181.99,"115,96M"
2023-08-07,182.13,183.13,177.35,178.85,"97,58M"
2023-08-08,179.69,180.27,177.58,179.8,"67,82M"
2023-08-09,180.87,180.93,177.01,178.19,"60,38M"
2023-08-10,179.48,180.75,177.6,177.97,"54,69M"
2023-08-11,177.32,178.62,176.55,177.79,"52,04M"
2023-08-14,177.97,179.69,177.3,179.46,"43,68M"
2023-08-15,178.88,179.48,177.05,177.45,"43,62M"
2023-08-16,177.13,178.54,176.5,176.57,"46,96M"
2023-08-17,177.14,177.51,173.48,174,"66,06M"
2023-08-18,172.3,175.1,171.96,174.49,"61,17M"
2023-08-21,175.07,176.13,173.74,175.84,"46,31M"
2023-08-22,177.06,177.68,176.25,177.23,"42,08M"
2023-08-23,178.52,181.55,178.32,181.12,"52,72M"
2023-08-24,180.67,181.1,176.01,176.38,"54,95M"
2023-08-25,177.38,179.15,175.82,178.61,"51,45M"
2023-08-28,180.09,180.59,178.54,180.19,"43,82M"
2023-08-29,179.7,184.9,179.5,184.12,"53,00M"
2023-08-30,184.94,187.85,184.74,187.65,"60,81M"
2023-08-31,187.84,189.12,187.48,187.87,"60,79M"
2023-09-01,189.49,189.92,188.28,189.46,"45,77M"
2023-09-05,188.28,189.98,187.61,189.7,"45,28M"
2023-09-06,188.4,188.85,181.47,182.91,"81,76M"
2023-09-07,175.18,178.21,173.54,177.56,"112,49M"
2023-09-08,178.35,180.24,177.79,178.18,"65,60M"
2023-09-11,180.07,180.3,177.34,179.36,"58,95M"
2023-09-12,179.49,180.13,174.82,176.3,"90,37M"
2023-09-13,176.51,177.3,173.98,174.21,"84,27M"
2023-09-14,174,176.1,173.58,175.74,"60,90M"
2023-09-15,176.48,176.49,173.82,175.01,"109,26M"
2023-09-18,176.48,179.38,176.17,177.97,"67,26M"
2023-09-19,177.52,179.63,177.13,179.07,"51,83M"
2023-09-20,179.26,179.7,175.4,175.49,"58,44M"
2023-09-21,174.55,176.3,173.86,173.93,"63,15M"
2023-09-22,174.67,177.08,174.05,174.79,"56,73M"
2023-09-25,174.2,176.97,174.15,176.08,"46,17M"
2023-09-26,174.82,175.2,171.66,171.96,"64,59M"
2023-09-27,172.62,173.04,169.05,170.43,"66,92M"
2023-09-28,169.34,172.03,167.62,170.69,"56,29M"
2023-09-29,172.02,173.07,170.34,171.21,"51,86M"
2023-10-02,171.22,174.3,170.93,173.75,"52,16M"
2023-10-03,172.26,173.63,170.82,172.4,"49,59M"
2023-10-04,171.09,174.21,170.97,173.66,"53,02M"
2023-10-05,173.79,175.45,172.68,174.91,"48,53M"
2023-10-06,173.8,177.99,173.18,177.49,"57,27M"
2023-10-09,176.81,179.05,175.8,178.99,"42,39M"
2023-10-10,178.1,179.72,177.95,178.39,"43,70M"
2023-10-11,178.2,179.85,177.6,179.8,"47,55M"
2023-10-12,180.07,182.34,179.04,180.71,"56,74M"
2023-10-13,181.42,181.93,178.14,178.85,"51,46M"
2023-10-16,176.75,179.07,176.51,178.72,"52,52M"
2023-10-17,176.65,178.42,174.8,177.15,"57,55M"
2023-10-18,175.58,177.57,175.11,175.84,"54,76M"
2023-10-19,176.04,177.84,175.19,175.46,"59,30M"
2023-10-20,175.31,175.42,172.64,172.88,"64,24M"
2023-10-23,170.91,174.01,169.93,173,"55,98M"
2023-10-24,173.05,173.67,171.45,173.44,"43,82M"
2023-10-25,171.88,173.06,170.65,171.1,"57,16M"
2023-10-26,170.37,171.38,165.67,166.89,"70,63M"
2023-10-27,166.91,168.96,166.83,168.22,"58,50M"
2023-10-30,169.02,171.17,168.87,170.29,"51,13M"
2023-10-31,169.35,170.9,167.9,170.77,"44,85M"
2023-11-01,171,174.23,170.12,173.97,"56,93M"
2023-11-02,175.52,177.78,175.46,177.57,"77,33M"
2023-11-03,174.24,176.82,173.35,176.65,"79,83M"
2023-11-06,176.38,179.43,176.21,179.23,"63,84M"
2023-11-07,179.18,182.44,178.97,181.82,"70,53M"
2023-11-08,182.35,183.45,181.59,182.89,"49,34M"
2023-11-09,182.96,184.12,181.81,182.41,"53,76M"
2023-11-10,183.97,186.57,183.53,186.4,"66,18M"
2023-11-13,185.82,186.03,184.21,184.8,"43,63M"
2023-11-14,187.7,188.11,186.3,187.44,"60,11M"
2023-11-15,187.85,189.5,187.78,188.01,"53,79M"
2023-11-16,189.57,190.96,188.65,189.71,"54,41M"
2023-11-17,190.25,190.38,188.57,189.69,"50,94M"
2023-11-20,189.89,191.9,189.88,191.45,"46,54M"
2023-11-21,191.41,191.52,189.74,190.64,"38,13M"
2023-11-22,191.49,192.93,190.82,191.31,"39,63M"
2023-11-24,190.87,190.9,189.25,189.97,"24,05M"
2023-11-27,189.92,190.67,188.9,189.79,"40,55M"
2023-11-28,189.78,191.08,189.4,190.4,"38,42M"
2023-11-29,190.9,192.09,188.97,189.37,"43,01M"
2023-11-30,189.84,190.32,188.19,189.95,"48,79M"
2023-12-01,190.33,191.56,189.23,191.24,"45,70M"
2023-12-04,189.98,190.05,187.45,189.43,"43,39M"
2023-12-05,190.21,194.4,190.18,193.42,"66,63M"
2023-12-06,194.45,194.76,192.11,192.32,"41,09M"
2023-12-07,193.63,195,193.59,194.27,"47,48M"
2023-12-08,194.2,195.99,193.67,195.71,"53,41M"
2023-12-11,193.11,193.49,191.42,193.18,"60,94M"
2023-12-12,193.08,194.72,191.72,194.71,"52,70M"
2023-12-13,195.09,198,194.85,197.96,"70,40M"
2023-12-14,198.02,199.62,196.16,198.11,"66,83M"
2023-12-15,197.53,198.4,197,197.57,"128,54M"
2023-12-18,196.09,196.63,194.39,195.89,"55,75M"
2023-12-19,196.16,196.95,195.89,196.94,"40,71M"
2023-12-20,196.9,197.68,194.83,194.83,"52,24M"
2023-12-21,196.1,197.08,193.5,194.68,"46,48M"
2023-12-22,195.18,195.41,192.97,193.6,"37,15M"
2023-12-26,193.61,193.89,192.83,193.05,"28,92M"
2023-12-27,192.49,193.5,191.09,193.15,"48,09M"
2023-12-28,194.14,194.66,193.17,193.58,"34,05M"
2023-12-29,193.9,194.4,191.73,192.53,"42,67M"
2024-01-02,187.15,188.44,183.88,185.64,"82,49M"
2024-01-03,184.22,185.88,183.43,184.25,"58,41M"
2024-01-04,182.15,183.09,180.88,181.91,"71,98M"
2024-01-05,181.99,182.76,180.17,181.18,"62,38M"
2024-01-08,182.09,185.6,181.5,185.56,"59,14M"
2024-01-09,183.92,185.15,182.73,185.14,"42,84M"
2024-01-10,184.35,186.4,183.92,186.19,"46,79M"
2024-01-11,186.54,187.05,183.62,185.59,"49,13M"
2024-01-12,186.06,186.74,185.19,185.92,"40,48M"
2024-01-16,182.16,184.26,180.93,183.63,"65,60M"
2024-01-17,181.27,182.93,180.3,182.68,"47,32M"
2024-01-18,186.09,189.14,185.83,188.63,"78,01M"
2024-01-19,189.33,191.95,188.82,191.56,"68,90M"
2024-01-22,192.3,195.33,192.26,193.89,"60,13M"
2024-01-23,195.02,195.75,193.83,195.18,"42,36M"
2024-01-24,195.42,196.38,194.34,194.5,"53,63M"
2024-01-25,195.22,196.27,193.11,194.17,"54,82M"
2024-01-26,194.27,194.76,191.94,192.42,"44,59M"
2024-01-29,192.01,192.2,189.58,191.73,"47,15M"
2024-01-30,190.94,191.8,187.47,188.04,"55,86M"
2024-01-31,187.04,187.1,184.35,184.4,"55,47M"
2024-02-01,183.99,186.95,183.82,186.86,"64,89M"
2024-02-02,179.86,187.33,179.25,185.85,"102,55M"
2024-02-05,188.15,189.25,185.84,187.68,"69,67M"
2024-02-06,186.86,189.31,186.77,189.3,"43,49M"
2024-02-07,190.64,191.05,188.61,189.41,"53,44M"
2024-02-08,189.38,189.54,187.35,188.32,"40,96M"
2024-02-09,188.65,189.99,188,188.85,"45,16M"
2024-02-12,188.41,188.67,186.79,187.15,"41,78M"
2024-02-13,185.77,186.21,183.51,185.04,"56,53M"
2024-02-14,185.32,185.53,182.44,184.15,"54,63M"
2024-02-15,183.55,184.49,181.35,183.86,"65,43M"
2024-02-16,183.42,184.85,181.66,182.31,"49,75M"
2024-02-20,181.79,182.43,180,181.56,"53,67M"
2024-02-21,181.94,182.89,180.66,182.32,"41,53M"
2024-02-22,183.48,184.96,182.46,184.37,"52,29M"
2024-02-23,185.01,185.04,182.23,182.52,"45,12M"
2024-02-26,182.24,182.76,180.65,181.16,"40,87M"
2024-02-27,181.1,183.92,179.56,182.63,"54,32M"
2024-02-28,182.51,183.12,180.13,181.42,"48,95M"
2024-02-29,181.27,182.57,179.53,180.75,"136,68M"
2024-03-01,179.55,180.53,177.38,179.66,"73,56M"
2024-03-04,176.15,176.9,173.79,175.1,"81,51M"
2024-03-05,170.76,172.04,169.62,170.12,"95,13M"
2024-03-06,171.06,171.24,168.68,169.12,"68,59M"
2024-03-07,169.15,170.73,168.49,169,"71,77M"
2024-03-08,169,173.7,168.94,170.73,"76,27M"
2024-03-11,172.94,174.38,172.05,172.75,"60,14M"
2024-03-12,173.15,174.03,171.01,173.23,"59,83M"
2024-03-13,172.77,173.18,170.76,171.13,"52,49M"
2024-03-14,172.91,174.31,172.05,173,"72,91M"
2024-03-15,171.17,172.62,170.29,172.62,"121,75M"
2024-03-18,175.57,177.71,173.52,173.72,"75,60M"
2024-03-19,174.34,176.6,173.03,176.08,"55,22M"
2024-03-20,175.72,178.67,175.09,178.67,"53,42M"
2024-03-21,177.05,177.49,170.84,171.37,"106,18M"
2024-03-22,171.76,173.05,170.06,172.28,"71,16M"
2024-03-25,170.57,171.94,169.45,170.85,"54,29M"
2024-03-26,170,171.42,169.58,169.71,"57,39M"
2024-03-27,170.41,173.6,170.11,173.31,"60,27M"
2024-03-28,171.75,172.23,170.51,171.48,"65,67M"
2024-04-01,171.19,171.25,169.48,170.03,"46,24M"
2024-04-02,169.08,169.34,168.23,168.84,"49,33M"
2024-04-03,168.79,170.68,168.58,169.65,"47,69M"
2024-04-04,170.29,171.92,168.82,168.82,"53,70M"
2024-04-05,169.59,170.39,168.95,169.58,"42,10M"
2024-04-08,169.03,169.2,168.24,168.45,"37,43M"
2024-04-09,168.7,170.08,168.35,169.67,"42,45M"
2024-04-10,168.8,169.09,167.11,167.78,"49,71M"
2024-04-11,168.34,175.46,168.16,175.04,"91,07M"
2024-04-12,174.26,178.36,174.21,176.55,"101,67M"
2024-04-15,175.36,176.63,172.5,172.69,"73,53M"
2024-04-16,171.75,173.76,168.27,169.38,"73,71M"
2024-04-17,169.61,170.65,168,168,"50,90M"
2024-04-18,168.03,168.64,166.55,167.04,"43,12M"
2024-04-19,166.21,166.4,164.07,165,"68,15M"
2024-04-22,165.51,167.26,164.77,165.84,"48,12M"
2024-04-23,165.35,167.05,164.92,166.9,"49,54M"
2024-04-24,166.54,169.3,166.21,169.02,"48,25M"
2024-04-25,169.52,170.61,168.15,169.89,"50,56M"
2024-04-26,169.88,171.34,169.18,169.3,"44,84M"
2024-04-29,173.37,176.03,173.1,173.5,"68,17M"
2024-04-30,173.33,174.99,170,170.33,"65,93M"
2024-05-01,169.58,172.71,169.11,169.3,"50,38M"
2024-05-02,172.51,173.41,170.89,173.03,"94,21M"
2024-05-03,186.65,187,182.66,183.38,"163,22M"
2024-05-06,182.35,184.2,180.42,181.71,"78,57M"
2024-05-07,183.45,184.9,181.32,182.4,"77,31M"
2024-05-08,182.85,183.07,181.45,182.74,"45,06M"
2024-05-09,182.56,184.66,182.11,184.57,"48,98M"
2024-05-10,184.9,185.09,182.13,183.05,"50,76M"
2024-05-13,185.43,187.1,184.62,186.28,"72,04M"
2024-05-14,187.51,188.3,186.29,187.43,"52,39M"
2024-05-15,187.91,190.65,187.37,189.72,"70,40M"
2024-05-16,190.47,191.1,189.66,189.84,"52,85M"
2024-05-17,189.51,190.81,189.18,189.87,"41,28M"
2024-05-20,189.32,191.92,189.01,191.04,"44,36M"
2024-05-21,191.09,192.73,190.92,192.35,"42,31M"
2024-05-22,192.26,192.82,190.27,190.9,"34,65M"
2024-05-23,190.98,191,186.63,186.88,"51,01M"
2024-05-24,188.82,190.58,188.04,189.98,"36,33M"
2024-05-28,191.51,193,189.1,189.99,"52,28M"
2024-05-29,189.61,192.25,189.51,190.29,"53,07M"
2024-05-30,190.76,192.18,190.63,191.29,"49,95M"
2024-05-31,191.44,192.57,189.91,192.25,"75,16M"
2024-06-03,192.9,194.99,192.52,194.03,"50,08M"
2024-06-04,194.63,195.32,193.03,194.35,"47,47M"
2024-06-05,195.4,196.9,194.87,195.87,"54,16M"
2024-06-06,195.68,196.5,194.17,194.48,"41,18M"
2024-06-07,194.65,196.94,194.14,196.89,"53,10M"
2024-06-10,196.9,197.3,192.15,193.12,"97,26M"
2024-06-11,193.65,207.16,193.63,207.15,"172,37M"
2024-06-12,207.37,220.2,206.9,213.07,"198,13M"
2024-06-13,214.74,216.75,211.6,214.24,"97,86M"
2024-06-14,213.85,215.17,211.3,212.49,"70,12M"
2024-06-17,213.37,218.95,212.72,216.67,"93,73M"
2024-06-18,217.59,218.63,213,214.29,"79,94M"
2024-06-20,213.93,214.24,208.85,209.68,"86,17M"
2024-06-21,210.39,211.89,207.11,207.49,"246,42M"
2024-06-24,207.72,212.7,206.59,208.14,"80,73M"
2024-06-25,209.15,211.38,208.61,209.07,"56,71M"
2024-06-26,211.5,214.86,210.64,213.25,"66,21M"
2024-06-27,214.69,215.74,212.35,214.1,"49,77M"
2024-06-28,215.77,216.07,210.3,210.62,"82,54M"
2024-07-01,212.09,217.51,211.92,216.75,"60,40M"
2024-07-02,216.15,220.38,215.1,220.27,"58,05M"
2024-07-03,220,221.55,219.03,221.55,"37,37M"
2024-07-05,221.65,226.45,221.65,226.34,"60,41M"
2024-07-08,227.09,227.85,223.25,227.82,"59,09M"
2024-07-09,227.93,229.4,226.37,228.68,"48,17M"
2024-07-10,229.3,233.08,229.25,232.98,"62,63M"
2024-07-11,231.39,232.39,225.77,227.57,"64,71M"
2024-07-12,228.92,232.64,228.68,230.54,"53,05M"
2024-07-15,236.48,237.23,233.09,234.4,"62,63M"
2024-07-16,235,236.27,232.33,234.82,"43,23M"
2024-07-17,229.45,231.46,226.64,228.88,"57,35M"
2024-07-18,230.28,230.44,222.27,224.18,"66,03M"
2024-07-19,224.82,226.8,223.27,224.31,"49,15M"
2024-07-22,227.01,227.78,223.09,223.96,"48,20M"
2024-07-23,224.37,226.94,222.68,225.01,"39,96M"
2024-07-24,224,224.8,217.13,218.54,"61,78M"
2024-07-25,218.93,220.85,214.62,217.49,"51,39M"
2024-07-26,218.7,219.49,216.01,217.96,"41,60M"
2024-07-29,216.96,219.3,215.75,218.24,"36,31M"
2024-07-30,219.19,220.32,216.12,218.8,"41,64M"
2024-07-31,221.44,223.82,220.63,222.08,"50,04M"
2024-08-01,224.37,224.48,217.02,218.36,"62,50M"
2024-08-02,219.15,225.6,217.71,219.86,"105,57M"
2024-08-05,199.09,213.5,196,209.27,"119,55M"
2024-08-06,205.3,209.99,201.07,207.23,"69,66M"
2024-08-07,206.9,213.64,206.39,209.82,"63,52M"
2024-08-08,213.11,214.2,208.83,213.31,"47,16M"
2024-08-09,212.1,216.78,211.97,216.24,"42,20M"
2024-08-12,216.07,219.51,215.6,217.53,"38,03M"
2024-08-13,219.01,221.89,219.01,221.27,"44,16M"
2024-08-14,220.57,223.03,219.7,221.72,"41,96M"
2024-08-15,224.6,225.35,222.76,224.72,"46,41M"
2024-08-16,223.92,226.83,223.65,226.05,"44,34M"
2024-08-19,225.72,225.99,223.04,225.89,"40,69M"
2024-08-20,225.77,227.17,225.45,226.51,"30,30M"
2024-08-21,226.52,227.98,225.05,226.4,"34,77M"
2024-08-22,227.79,228.34,223.9,224.53,"43,70M"
2024-08-23,225.66,228.22,224.33,226.84,"38,68M"
2024-08-26,226.76,227.28,223.89,227.18,"30,60M"
2024-08-27,225.99,228.85,224.89,228.03,"35,93M"
2024-08-28,227.92,229.86,225.68,226.49,"38,05M"
2024-08-29,230.1,232.92,228.88,229.79,"51,91M"
2024-08-30,230.19,230.4,227.48,229,"52,99M"
2024-09-03,228.55,229,221.17,222.77,"50,19M"
2024-09-04,221.66,221.78,217.48,220.85,"43,84M"
2024-09-05,221.63,225.48,221.52,222.38,"36,62M"
2024-09-06,223.95,225.24,219.77,220.82,"48,42M"
2024-09-09,220.82,221.27,216.71,220.91,"67,18M"
2024-09-10,218.92,221.48,216.73,220.11,"51,59M"
2024-09-11,221.46,223.09,217.89,222.66,"44,59M"
2024-09-12,222.5,223.55,219.82,222.77,"37,50M"
2024-09-13,223.58,224.04,221.91,222.5,"36,77M"
2024-09-16,216.54,217.22,213.92,216.32,"59,36M"
2024-09-17,215.75,216.9,214.5,216.79,"45,52M"
2024-09-18,217.55,222.71,217.54,220.69,"59,89M"
2024-09-19,224.99,229.82,224.63,228.87,"66,78M"
2024-09-20,229.97,233.09,227.62,228.2,"318,68M"
2024-09-23,227.34,229.45,225.81,226.47,"54,15M"
2024-09-24,228.65,229.35,225.73,227.37,"43,56M"
2024-09-25,224.93,227.29,224.02,226.37,"42,31M"
2024-09-26,227.3,228.5,225.41,227.52,"36,64M"
2024-09-27,228.46,229.52,227.3,227.79,"34,03M"
2024-09-30,230.04,233,229.65,233,"54,79M"
2024-10-01,229.52,229.65,223.74,226.21,"63,29M"
2024-10-02,225.89,227.37,223.02,226.78,"32,88M"
2024-10-03,225.14,226.8,223.32,225.67,"34,04M"
2024-10-04,227.9,228,224.13,226.8,"37,35M"
2024-10-07,224.5,225.69,221.33,221.69,"39,51M"
2024-10-08,224.3,225.98,223.25,225.77,"31,86M"
2024-10-09,225.23,229.75,224.83,229.54,"33,59M"
2024-10-10,227.78,229.5,227.17,229.04,"28,18M"
2024-10-11,229.3,229.41,227.34,227.55,"31,76M"
2024-10-14,228.7,231.73,228.6,231.3,"39,88M"
2024-10-15,233.61,237.49,232.37,233.85,"64,75M"
2024-10-16,231.6,232.12,229.84,231.78,"34,08M"
2024-10-17,233.43,233.85,230.52,232.15,"32,99M"
2024-10-18,236.18,236.18,234.01,235,"46,43M"
2024-10-21,234.45,236.85,234.45,236.48,"36,25M"
2024-10-22,233.88,236.22,232.6,235.86,"38,85M"
2024-10-23,234.08,235.14,227.76,230.76,"52,29M"
2024-10-24,229.98,230.82,228.41,230.57,"31,11M"
2024-10-25,229.74,233.22,229.57,231.41,"38,80M"
2024-10-28,233.32,234.73,232.55,233.4,"36,09M"
2024-10-29,233.1,234.32,232.32,233.67,"35,42M"
2024-10-30,232.61,233.47,229.55,230.1,"47,07M"
2024-10-31,229.34,229.83,225.37,225.91,"64,37M"
2024-11-01,220.96,225.35,220.27,222.91,"65,28M"
2024-11-04,220.99,222.79,219.71,222.01,"44,94M"
2024-11-05,221.79,223.95,221.14,223.45,"28,11M"
2024-11-06,222.61,226.07,221.19,222.72,"54,56M"
2024-11-07,224.63,227.88,224.57,227.48,"42,14M"
2024-11-08,227.17,228.66,226.4,226.96,"38,33M"
2024-11-11,225,225.7,221.5,224.23,"42,01M"
2024-11-12,224.55,225.59,223.35,224.23,"40,40M"
2024-11-13,224.01,226.65,222.76,225.12,"48,57M"
2024-11-14,225.02,228.87,225,228.22,"44,92M"
2024-11-15,226.4,226.92,224.27,225,"47,92M"
2024-11-18,225.25,229.74,225.17,228.02,"44,69M"
2024-11-19,226.98,230.16,226.66,228.28,"36,21M"
2024-11-20,228.06,229.93,225.89,229,"35,17M"
2024-11-21,228.88,230.15,225.71,228.52,"42,11M"
2024-11-22,228.06,230.72,228.06,229.87,"38,17M"
2024-11-25,231.46,233.24,229.74,232.87,"90,15M"
2024-11-26,233.33,235.57,233.33,235.06,"45,99M"
2024-11-27,234.46,235.69,233.81,234.93,"33,50M"
2024-11-29,234.8,237.81,233.97,237.33,"28,48M"
2024-12-02,237.27,240.79,237.16,239.59,"48,14M"
2024-12-03,239.81,242.76,238.9,242.65,"38,86M"
2024-12-04,242.87,244.11,241.25,243.01,"44,38M"
2024-12-05,243.99,244.54,242.13,243.04,"40,03M"
2024-12-06,242.9,244.63,242.08,242.84,"36,87M"
2024-12-09,241.83,247.24,241.75,246.75,"44,65M"
2024-12-10,246.89,248.21,245.34,247.77,"36,91M"
2024-12-11,247.96,250.8,246.26,246.49,"45,21M"
2024-12-12,246.89,248.74,245.68,247.96,"32,78M"
2024-12-13,247.82,249.29,246.24,248.13,"33,16M"
2024-12-16,247.99,251.38,247.65,251.04,"51,69M"
2024-12-17,250.08,253.83,249.78,253.48,"51,36M"
2024-12-18,252.16,254.28,247.74,248.05,"56,77M"
2024-12-19,247.5,252,247.09,249.79,"60,88M"
2024-12-20,248.04,255,245.69,254.49,"147,50M"
2024-12-23,254.77,255.65,253.45,255.27,"40,86M"
2024-12-24,255.49,258.21,255.29,258.2,"23,23M"
2024-12-26,258.19,260.1,257.63,259.02,"27,26M"
2024-12-27,257.83,258.7,253.06,255.59,"42,36M"
2024-12-30,252.23,253.5,250.75,252.2,"35,56M"
2024-12-31,252.44,253.28,249.43,250.42,"39,48M"
2025-01-02,248.93,249.1,241.82,243.85,"55,74M"
2025-01-03,243.36,244.18,241.89,243.36,"40,24M"
2025-01-06,244.31,247.33,243.2,245,"45,05M"
2025-01-07,242.98,245.55,241.35,242.21,"40,86M"
2025-01-08,241.92,243.71,240.05,242.7,"37,63M"
2025-01-10,240.01,240.16,233,236.85,"61,71M"
2025-01-13,233.53,234.67,229.72,234.4,"49,63M"
2025-01-14,234.75,236.12,232.47,233.28,"39,44M"
2025-01-15,234.63,238.96,234.43,237.87,"39,83M"
2025-01-16,237.35,238.01,228.03,228.26,"71,76M"
2025-01-17,232.12,232.29,228.48,229.98,"68,49M"
2025-01-21,224,224.42,219.38,222.64,"98,07M"
2025-01-22,219.79,224.12,219.79,223.83,"64,13M"
2025-01-23,224.74,227.03,222.3,223.66,"60,23M"
2025-01-24,224.78,225.63,221.41,222.78,"54,70M"
2025-01-27,224.02,232.15,223.98,229.86,"94,86M"
2025-01-28,230.85,240.19,230.81,238.26,"75,71M"
2025-01-29,234.12,239.85,234.01,239.36,"45,49M"
2025-01-30,238.66,240.79,237.21,237.59,"55,66M"
2025-01-31,247.19,247.19,233.44,236,"101,08M"
2025-02-03,229.99,231.83,225.7,228.01,"73,06M"
2025-02-04,227.25,233.13,226.65,232.8,"45,07M"
2025-02-05,228.53,232.67,228.27,232.47,"39,66M"
2025-02-06,231.29,233.8,230.43,233.22,"29,93M"
2025-02-07,232.6,234,227.26,227.63,"39,71M"
2025-02-10,229.57,230.59,227.2,227.65,"33,12M"
2025-02-11,228.2,235.23,228.13,232.62,"53,72M"
2025-02-12,231.2,236.96,230.68,236.87,"45,24M"
2025-02-13,236.91,242.34,235.57,241.53,"53,61M"
2025-02-14,241.25,245.55,240.99,244.6,"40,90M"
2025-02-18,244.15,245.18,241.84,244.47,"48,82M"
2025-02-19,244.66,246.01,243.16,244.87,"32,20M"
2025-02-20,244.94,246.78,244.29,245.83,"32,32M"
2025-02-21,245.95,248.69,245.22,245.55,"53,20M"
2025-02-24,244.93,248.86,244.42,247.1,"51,33M"
2025-02-25,248,250,244.91,247.04,"48,01M"
2025-02-26,244.33,244.98,239.13,240.36,"44,43M"
2025-02-27,239.41,242.46,237.06,237.3,"41,15M"
2025-02-28,236.95,242.09,230.2,241.84,"56,83M"
2025-03-03,241.79,244.03,236.11,238.03,"47,18M"
2025-03-04,237.71,240.07,234.68,235.93,"53,80M"
2025-03-05,235.42,236.55,229.23,235.74,"47,23M"
2025-03-06,234.43,237.86,233.16,235.33,"45,17M"
2025-03-07,235.1,241.37,234.76,239.07,"46,27M"
2025-03-10,235.54,236.16,224.22,227.48,"72,07M"
2025-03-11,223.8,225.84,217.45,220.84,"76,14M"
2025-03-12,220.14,221.75,214.91,216.98,"62,55M"
2025-03-13,215.95,216.84,208.42,209.68,"61,37M"
2025-03-14,211.25,213.95,209.58,213.49,"60,11M"
2025-03-17,213.31,215.22,209.97,214,"48,07M"
2025-03-18,214.16,215.15,211.49,212.69,"42,43M"
2025-03-19,214.22,218.76,213.75,215.24,"54,39M"
2025-03-20,213.99,217.49,212.22,214.1,"48,86M"
2025-03-21,211.56,218.84,211.28,218.27,"94,13M"
2025-03-24,221,221.48,218.58,220.73,"44,30M"
2025-03-25,220.77,224.1,220.08,223.75,"34,49M"
2025-03-26,223.51,225.02,220.47,221.53,"34,53M"
2025-03-27,221.39,224.99,220.56,223.85,"37,09M"
2025-03-28,221.67,223.81,217.68,217.9,"39,82M"
2025-03-31,217.01,225.62,216.23,222.13,"65,30M"
2025-04-01,219.8,223.68,218.9,223.19,"36,41M"
2025-04-02,221.32,225.19,221.02,223.89,"35,91M"
2025-04-03,205.54,207.49,201.25,203.19,"103,42M"
2025-04-04,193.89,199.88,187.34,188.38,"125,91M"
2025-04-07,177.2,194.15,174.62,181.46,"160,47M"
2025-04-08,186.7,190.34,169.21,172.42,"120,86M"
2025-04-09,171.95,200.61,171.89,198.85,"184,40M"
2025-04-10,189.07,194.78,183,190.42,"121,88M"
2025-04-11,186.1,199.54,186.06,198.15,"87,44M"
2025-04-14,211.44,212.94,201.16,202.52,"101,35M"
2025-04-15,201.85,203.51,199.8,202.14,"51,34M"
2025-04-16,198.36,200.7,192.37,194.27,"59,73M"
2025-04-17,197.2,198.83,194.42,196.98,"52,16M"
2025-04-21,193.26,193.8,189.81,193.16,"46,74M"
2025-04-22,196.12,201.59,195.97,199.74,"52,98M"
2025-04-23,206,208,202.8,204.6,"52,93M"
2025-04-24,204.89,208.83,202.94,208.37,"47,31M"
2025-04-25,206.37,209.75,206.2,209.28,"38,22M"
2025-04-28,210,211.5,207.46,210.14,"38,74M"
2025-04-29,208.69,212.24,208.37,211.21,"36,83M"
2025-04-30,209.3,213.58,206.67,212.5,"52,29M"
2025-05-01,209.08,214.56,208.9,213.32,"57,37M"
2025-05-02,206.09,206.99,202.16,205.35,"101,01M"
2025-05-05,203.1,204.1,198.21,198.89,"69,02M"
2025-05-06,198.21,200.65,197.02,198.51,"51,22M"
2025-05-07,199.17,199.44,193.25,196.25,"68,62M"
2025-05-08,197.72,200.05,194.68,197.49,"50,48M"
2025-05-09,199,200.54,197.54,198.53,"36,45M"
2025-05-12,210.97,211.27,206.75,210.79,"63,78M"
2025-05-13,210.43,213.4,209,212.93,"51,91M"
2025-05-14,212.43,213.94,210.58,212.33,"49,33M"
2025-05-15,210.95,212.96,209.54,211.45,"45,03M"
2025-05-16,212.36,212.57,209.77,211.26,"54,74M"
2025-05-19,207.91,209.48,204.26,208.78,"46,14M"
2025-05-20,207.67,208.47,205.03,206.86,"42,50M"
2025-05-21,205.17,207.04,200.71,202.09,"59,21M"
2025-05-22,200.71,202.75,199.7,201.36,"46,74M"
2025-05-23,193.66,197.7,193.46,195.27,"78,43M"
2025-05-27,198.3,200.74,197.43,200.21,"56,29M"
2025-05-28,200.59,202.73,199.9,200.42,"45,34M"
2025-05-29,203.57,203.81,198.51,199.95,"51,48M"
2025-05-30,199.37,201.96,196.78,200.85,"70,82M"
2025-06-02,200.28,202.13,200.12,201.7,"35,42M"
2025-06-03,201.35,203.77,200.96,203.27,"46,38M"
2025-06-04,202.91,206.24,202.1,202.82,"43,60M"
2025-06-05,203.5,204.75,200.15,200.63,"55,22M"
2025-06-06,203,205.7,202.05,203.92,"46,61M"
2025-06-09,204.39,206,200.02,201.45,"72,86M"
2025-06-10,200.6,204.35,200.57,202.67,"54,67M"
2025-06-11,203.5,204.5,198.41,198.78,"60,99M"
2025-06-12,199.08,199.68,197.36,199.2,"43,90M"
2025-06-13,199.73,200.37,195.7,196.45,"51,45M"
2025-06-16,197.3,198.68,196.56,198.42,"43,02M"
2025-06-17,197.2,198.39,195.21,195.64,"38,86M"
2025-06-18,195.94,197.57,195.07,196.58,"45,39M"
2025-06-20,198.24,201.7,196.85,201,"96,81M"
2025-06-23,201.63,202.3,198.96,201.5,"55,81M"
2025-06-24,202.59,203.44,200.2,200.3,"54,06M"
2025-06-25,201.45,203.67,200.62,201.56,"39,53M"
2025-06-26,201.43,202.64,199.46,201,"50,80M"
2025-06-27,201.89,203.22,200,201.08,"73,19M"
2025-06-30,202.01,207.39,199.26,205.17,"91,91M"
2025-07-01,206.66,210.19,206.14,207.82,"78,79M"
2025-07-02,208.91,213.34,208.14,212.44,"67,94M"
2025-07-03,212.15,214.65,211.81,213.55,"34,96M"
2025-07-07,212.68,216.23,208.8,209.95,"50,23M"
2025-07-08,210.1,211.43,208.45,210.01,"42,85M"
2025-07-09,209.53,211.33,207.22,211.14,"48,75M"
2025-07-10,210.51,213.48,210.03,212.41,"44,44M"
2025-07-11,210.57,212.13,209.86,211.16,"39,77M"
2025-07-14,209.93,210.91,207.54,208.62,"38,84M"
2025-07-15,209.22,211.89,208.92,209.11,"42,30M"
2025-07-16,210.29,212.4,208.64,210.16,"47,49M"
2025-07-17,210.57,211.8,209.59,210.02,"48,07M"
2025-07-18,210.87,211.79,209.7,211.18,"48,97M"
2025-07-21,212.1,215.78,211.63,212.48,"51,38M"
2025-07-22,213.14,214.95,212.23,214.4,"46,40M"
2025-07-23,215,215.15,212.41,214.15,"46,99M"
2025-07-24,213.9,215.69,213.53,213.76,"46,02M"
2025-07-25,214.7,215.24,213.4,213.88,"40,27M"
2025-07-28,214.03,214.85,213.06,214.05,"37,86M"
2025-07-29,214.18,214.81,210.82,211.27,"51,41M"
2025-07-30,211.9,212.39,207.72,209.05,"45,51M"
2025-07-31,208.49,209.84,207.16,207.57,"80,70M"
2025-08-01,210.87,213.58,201.5,202.38,"104,43M"
2025-08-04,204.51,207.88,201.68,203.35,"75,11M"
2025-08-05,203.4,205.34,202.16,202.92,"44,16M"
2025-08-06,205.63,215.38,205.59,213.25,"108,48M"
2025-08-07,218.88,220.85,216.58,220.03,"90,22M"
2025-08-08,220.83,231,219.25,229.35,"113,85M"
2025-08-11,227.92,229.56,224.76,227.18,"61,81M"
2025-08-12,228.01,230.8,227.07,229.65,"55,67M"
2025-08-13,231.07,235,230.43,233.33,"69,88M"
2025-08-14,234.05,235.12,230.85,232.78,"51,92M"
2025-08-15,234,234.28,229.34,231.59,"56,04M"
2025-08-18,231.7,233.12,230.11,230.89,"37,48M"
2025-08-19,231.27,232.87,229.35,230.56,"39,40M"
2025-08-20,229.98,230.47,225.77,226.01,"42,26M"
2025-08-21,226.27,226.52,223.78,224.9,"30,62M"
2025-08-22,226.17,229.09,225.41,227.76,"42,48M"
2025-08-25,226.48,229.3,226.23,227.16,"30,98M"
2025-08-26,226.87,229.49,224.69,229.31,"54,58M"
2025-08-27,228.61,230.9,228.26,230.49,"31,26M"
2025-08-28,230.82,233.41,229.34,232.56,"38,07M"
2025-08-29,232.51,233.38,231.37,232.14,"39,42M"
2025-09-02,229.25,230.85,226.97,229.72,"44,08M"
2025-09-03,237.21,238.85,234.36,238.47,"66,43M"
2025-09-04,238.45,239.9,236.74,239.78,"47,55M"
2025-09-05,239.99,241.32,238.49,239.69,"54,87M"
2025-09-08,239.3,240.15,236.34,237.88,"49,00M"
2025-09-09,237,238.78,233.36,234.35,"66,31M"
2025-09-10,232.18,232.42,225.95,226.79,"83,44M"
2025-09-11,226.88,230.45,226.65,230.03,"50,21M"
2025-09-12,229.22,234.51,229.02,234.07,"55,82M"
2025-09-15,237,238.19,235.03,236.7,"42,70M"
2025-09-16,237.18,241.22,236.32,238.15,"63,42M"
2025-09-17,238.97,240.1,237.73,238.99,"46,51M"
2025-09-18,239.97,241.2,236.65,237.88,"44,25M"
2025-09-19,241.23,246.3,240.21,245.5,"163,74M"
2025-09-22,248.3,256.64,248.12,256.08,"105,52M"
2025-09-23,255.88,257.34,253.58,254.43,"60,28M"
2025-09-24,255.22,255.74,251.04,252.31,"42,30M"
2025-09-25,253.21,257.17,251.71,256.87,"55,20M"
2025-09-26,254.1,257.6,253.78,255.46,"46,08M"
2025-09-29,254.56,255,253.01,254.43,"40,13M"
2025-09-30,254.89,255.87,253.86,254.56,"12,00M"
